-- phpMyAdmin SQL Dump
-- version 4.0.10.19
-- https://www.phpmyadmin.net
--
-- 主机: localhost
-- 生成日期: 2020-02-10 22:25:29
-- 服务器版本: 5.6.35-log
-- PHP 版本: 5.4.45

SET SQL_MODE = "NO_AUTO_VALUE_ON_ZERO";
SET time_zone = "+00:00";


/*!40101 SET @OLD_CHARACTER_SET_CLIENT=@@CHARACTER_SET_CLIENT */;
/*!40101 SET @OLD_CHARACTER_SET_RESULTS=@@CHARACTER_SET_RESULTS */;
/*!40101 SET @OLD_COLLATION_CONNECTION=@@COLLATION_CONNECTION */;
/*!40101 SET NAMES utf8 */;

--
-- 数据库: `weikerenwu`
--

-- --------------------------------------------------------

--
-- 表的结构 `codepay_order`
--

CREATE TABLE IF NOT EXISTS `codepay_order` (
  `id` int(11) unsigned NOT NULL AUTO_INCREMENT,
  `pay_id` varchar(50) NOT NULL COMMENT '用户ID或订单ID',
  `money` decimal(6,2) unsigned NOT NULL COMMENT '实际金额',
  `price` decimal(6,2) unsigned NOT NULL COMMENT '原价',
  `type` int(1) NOT NULL DEFAULT '1' COMMENT '支付方式',
  `pay_no` varchar(100) NOT NULL COMMENT '流水号',
  `param` varchar(200) DEFAULT NULL COMMENT '自定义参数',
  `pay_time` bigint(11) NOT NULL DEFAULT '0' COMMENT '付款时间',
  `pay_tag` varchar(100) NOT NULL DEFAULT '0' COMMENT '金额的备注',
  `status` int(1) NOT NULL DEFAULT '0' COMMENT '订单状态',
  `creat_time` bigint(11) NOT NULL DEFAULT '0' COMMENT '创建时间',
  `up_time` timestamp NOT NULL DEFAULT CURRENT_TIMESTAMP ON UPDATE CURRENT_TIMESTAMP COMMENT '更新时间',
  PRIMARY KEY (`id`),
  UNIQUE KEY `main` (`pay_id`,`pay_time`,`money`,`type`,`pay_tag`),
  UNIQUE KEY `pay_no` (`pay_no`,`type`)
) ENGINE=InnoDB  DEFAULT CHARSET=utf8 COMMENT='用于区分是否已经处理' AUTO_INCREMENT=50 ;

--
-- 转存表中的数据 `codepay_order`
--

INSERT INTO `codepay_order` (`id`, `pay_id`, `money`, `price`, `type`, `pay_no`, `param`, `pay_time`, `pay_tag`, `status`, `creat_time`, `up_time`) VALUES
(1, '000000', '10.00', '10.00', 1, 'codepay1552916234', NULL, 1552916234, '0', 2, 1552916237, '2019-03-18 13:37:17'),
(2, '000000', '10.00', '10.00', 1, 'codepay1552916319', NULL, 1552916319, '0', 2, 1552916320, '2019-03-18 13:38:40'),
(3, '000000', '10.00', '10.00', 1, 'codepay1552916341', NULL, 1552916341, '0', 2, 1552916343, '2019-03-18 13:39:03'),
(6, '105133613', '1.01', '1.00', 1, '2019031822001480040540357805', NULL, 1552919500, '0', 2, 1552920474, '2019-03-18 14:47:54'),
(7, 'admin', '10.00', '10.00', 1, '2019031822001480040536721100', NULL, 1552919165, '0', 2, 1552920474, '2019-03-18 14:47:54'),
(8, '000000', '1.00', '1.00', 1, '2019031822001480040536801615', NULL, 1552919408, '0', 2, 1552920474, '2019-03-18 14:47:54'),
(9, '000000', '10.00', '10.00', 1, '2019031822001480040536720562', NULL, 1552916212, '0', 2, 1552920474, '2019-03-18 14:47:54'),
(10, 'admin', '10.00', '10.00', 1, '2019031822001480040540372107', NULL, 1552918645, '0', 2, 1552920474, '2019-03-18 14:47:54'),
(13, '000000', '1.00', '1.00', 1, '2019031822001426851035108127', NULL, 1552920505, '0', 2, 1552920585, '2019-03-18 14:49:45'),
(15, '000000', '10.00', '10.00', 1, '2019031822001426851035258274', NULL, 1552920761, '0', 2, 1552920768, '2019-03-18 14:52:48'),
(17, '000000', '1.00', '1.00', 1, '2019031822001426851035247686', NULL, 1552921382, '0', 2, 1552921390, '2019-03-18 15:03:10'),
(19, '18631279127', '1.00', '1.00', 1, '2019031822001426851035160017', NULL, 1552923154, '0', 2, 1552923156, '2019-03-18 15:32:36'),
(21, '13015867502', '0.01', '0.01', 1, '2019070422001405021048502681', NULL, 1562250024, '0', 2, 1562250040, '2019-07-04 14:20:41'),
(23, '13015867502', '0.01', '0.01', 1, '2019070422001405021048482065', NULL, 1562251343, '0', 2, 1562251358, '2019-07-04 14:42:39'),
(25, '13015867502', '0.01', '0.01', 2, '101000026901301907041381842144', NULL, 1562251197, '0', 2, 1562253306, '2019-07-04 15:15:08'),
(26, '13015867503', '0.01', '0.01', 3, '6050711757244640686', NULL, 1562253364, '0', 2, 1562253365, '2019-07-04 15:16:06'),
(28, '13015867503', '0.01', '0.01', 2, '101000026901301907041407921049', NULL, 1562253551, '0', 2, 1562253553, '2019-07-04 15:19:14'),
(31, '13015867503', '0.01', '0.01', 1, '2019070422001405021048478259', NULL, 1562254598, '0', 2, 1562254672, '2019-07-04 15:37:53'),
(32, '13015867503', '0.03', '0.01', 3, '5201893522402424033', NULL, 1562255114, '0', 2, 1562255123, '2019-07-04 15:45:24'),
(35, '13015867502', '0.01', '0.01', 3, '2902219711249155735', NULL, 1562255193, '0', 2, 1562255205, '2019-07-04 15:46:46'),
(36, '13015867503', '0.01', '0.01', 3, '3145517540532785163', NULL, 1562283903, '0', 2, 1562283914, '2019-07-04 23:45:15');

-- --------------------------------------------------------

--
-- 表的结构 `codepay_user`
--

CREATE TABLE IF NOT EXISTS `codepay_user` (
  `id` int(10) NOT NULL AUTO_INCREMENT COMMENT '用户ID',
  `user` varchar(100) NOT NULL DEFAULT '' COMMENT '用户名',
  `money` decimal(6,2) NOT NULL DEFAULT '0.00' COMMENT '金额',
  `vip` int(1) NOT NULL DEFAULT '0' COMMENT '会员开通',
  `status` int(1) NOT NULL DEFAULT '0' COMMENT '会员状态',
  PRIMARY KEY (`id`)
) ENGINE=InnoDB  DEFAULT CHARSET=utf8 AUTO_INCREMENT=2 ;

--
-- 转存表中的数据 `codepay_user`
--

INSERT INTO `codepay_user` (`id`, `user`, `money`, `vip`, `status`) VALUES
(1, 'admin', '9999.99', 0, 0);

-- --------------------------------------------------------

--
-- 表的结构 `tb_administrator`
--

CREATE TABLE IF NOT EXISTS `tb_administrator` (
  `id` bigint(20) unsigned NOT NULL AUTO_INCREMENT,
  `username` varchar(60) NOT NULL DEFAULT '' COMMENT '用户名',
  `password` varchar(64) NOT NULL DEFAULT '' COMMENT '密码',
  `salt` varchar(20) DEFAULT NULL COMMENT '盐',
  `gender` tinyint(2) NOT NULL DEFAULT '0' COMMENT '0保密，1男，2女',
  `level` int(11) DEFAULT '0' COMMENT '等级',
  `birthday` int(11) NOT NULL DEFAULT '0' COMMENT '生日',
  `nickname` varchar(50) NOT NULL DEFAULT '' COMMENT '昵称',
  `mobile` varchar(20) NOT NULL DEFAULT '' COMMENT '手机号',
  `email` varchar(100) NOT NULL DEFAULT '' COMMENT '邮箱',
  `avatar` varchar(255) NOT NULL DEFAULT '' COMMENT '头像',
  `is_check` tinyint(3) unsigned NOT NULL DEFAULT '1' COMMENT '0禁用',
  `last_login_ip` varchar(15) NOT NULL DEFAULT '' COMMENT '最后登录ip',
  `last_login_time` int(11) NOT NULL DEFAULT '0' COMMENT '最后登录时间',
  `update_time` int(11) DEFAULT '0',
  `create_time` int(11) NOT NULL DEFAULT '0' COMMENT '注册时间',
  PRIMARY KEY (`id`),
  KEY `user_login` (`username`) USING BTREE,
  KEY `user_nickname` (`nickname`) USING BTREE
) ENGINE=InnoDB  DEFAULT CHARSET=utf8mb4 ROW_FORMAT=DYNAMIC COMMENT='用户表' AUTO_INCREMENT=4 ;

--
-- 转存表中的数据 `tb_administrator`
--

INSERT INTO `tb_administrator` (`id`, `username`, `password`, `salt`, `gender`, `level`, `birthday`, `nickname`, `mobile`, `email`, `avatar`, `is_check`, `last_login_ip`, `last_login_time`, `update_time`, `create_time`) VALUES
(1, 'admin', 'cf4bd542a8b1a32874538da58a5d89b3', 'y2ADw2Pd', 0, 0, 0, '', '', '', '20200210/46c026d461529c687af5d92fe02f145d.png', 1, '', 0, 1581344311, 0);

-- --------------------------------------------------------

--
-- 表的结构 `tb_auth_group`
--

CREATE TABLE IF NOT EXISTS `tb_auth_group` (
  `id` int(11) unsigned NOT NULL AUTO_INCREMENT COMMENT '主键',
  `module` varchar(10) NOT NULL DEFAULT 'admin' COMMENT '所属模块',
  `level` int(11) NOT NULL COMMENT '角色等级',
  `title` varchar(200) NOT NULL COMMENT '用户组中文名称',
  `status` tinyint(1) NOT NULL COMMENT '状态：为1正常，为0禁用',
  `rules` text COMMENT '用户组拥有的规则id， 多个规则","隔开',
  `notation` varchar(100) DEFAULT NULL COMMENT '组别描述',
  `pic` varchar(200) DEFAULT NULL COMMENT '角色图标',
  `recom` tinyint(1) NOT NULL DEFAULT '0' COMMENT '是否推荐首页显示',
  `create_time` int(10) NOT NULL COMMENT '创建时间',
  `update_time` int(10) NOT NULL COMMENT '编辑时间',
  PRIMARY KEY (`id`)
) ENGINE=InnoDB  DEFAULT CHARSET=utf8 AUTO_INCREMENT=4 ;

--
-- 转存表中的数据 `tb_auth_group`
--

INSERT INTO `tb_auth_group` (`id`, `module`, `level`, `title`, `status`, `rules`, `notation`, `pic`, `recom`, `create_time`, `update_time`) VALUES
(1, 'admin', 1090, '超级管理员', 1, '1,2,3,4,5,6,7,8,9,10,23,24,25,11,12,15,14,16,17,18,19,20,21,22', '我能干任何事', '#dd4b39', 0, 1502780231, 1536659809),
(2, 'admin', 1, '后台浏览', 1, '1,2,3,4,5,10,23,24,15,14,16,19', '只能查看列表', '#f39c12', 0, 1502784113, 1534808239),
(3, 'admin', 0, '雇主', 1, NULL, '', NULL, 0, 1536592696, 0);

-- --------------------------------------------------------

--
-- 表的结构 `tb_auth_group_access`
--

CREATE TABLE IF NOT EXISTS `tb_auth_group_access` (
  `id` int(11) unsigned NOT NULL AUTO_INCREMENT COMMENT '主键',
  `uid` int(11) unsigned NOT NULL COMMENT '用户id',
  `group_id` int(11) unsigned NOT NULL COMMENT '用户组id',
  `create_time` int(10) NOT NULL COMMENT '创建时间',
  `update_time` int(10) NOT NULL COMMENT '编辑时间',
  PRIMARY KEY (`id`),
  KEY `uid` (`uid`) USING BTREE,
  KEY `group_id` (`group_id`) USING BTREE
) ENGINE=InnoDB  DEFAULT CHARSET=utf8 AUTO_INCREMENT=10 ;

--
-- 转存表中的数据 `tb_auth_group_access`
--

INSERT INTO `tb_auth_group_access` (`id`, `uid`, `group_id`, `create_time`, `update_time`) VALUES
(7, 1, 1, 0, 0),
(8, 1, 2, 0, 0),
(9, 1, 3, 0, 0);

-- --------------------------------------------------------

--
-- 表的结构 `tb_auth_rule`
--

CREATE TABLE IF NOT EXISTS `tb_auth_rule` (
  `id` int(11) unsigned NOT NULL AUTO_INCREMENT COMMENT '主键',
  `pid` int(11) unsigned NOT NULL COMMENT '父id',
  `module` varchar(10) NOT NULL DEFAULT 'admin' COMMENT '权限节点所属模块',
  `level` tinyint(1) NOT NULL COMMENT '1-项目;2-模块;3-操作',
  `name` varchar(80) NOT NULL COMMENT '规则唯一标识',
  `title` varchar(20) NOT NULL COMMENT '规则中文名称',
  `type` tinyint(1) NOT NULL DEFAULT '1',
  `status` tinyint(1) NOT NULL DEFAULT '1' COMMENT '状态：为1正常，为0禁用',
  `ismenu` tinyint(1) NOT NULL DEFAULT '0' COMMENT '是否导航',
  `condition` varchar(200) DEFAULT NULL COMMENT '规则表达式，为空表示存在就验证，不为空表示按照条件验证',
  `icon` varchar(50) DEFAULT NULL COMMENT '节点图标',
  `sorts` mediumint(8) DEFAULT '50' COMMENT '排序',
  `create_time` int(10) NOT NULL COMMENT '创建时间',
  `update_time` int(10) NOT NULL COMMENT '编辑时间',
  PRIMARY KEY (`id`),
  KEY `pid` (`pid`) USING BTREE,
  KEY `module` (`module`) USING BTREE,
  KEY `level` (`level`) USING BTREE,
  KEY `name` (`name`) USING BTREE
) ENGINE=InnoDB  DEFAULT CHARSET=utf8 AUTO_INCREMENT=26 ;

--
-- 转存表中的数据 `tb_auth_rule`
--

INSERT INTO `tb_auth_rule` (`id`, `pid`, `module`, `level`, `name`, `title`, `type`, `status`, `ismenu`, `condition`, `icon`, `sorts`, `create_time`, `update_time`) VALUES
(1, 0, 'admin', 1, 'Index/index', '后台首页', 1, 1, 1, NULL, 'fa fa-home', 1000, 1532168003, 1532169104),
(2, 0, 'admin', 1, 'index', '系统设置', 1, 1, 1, NULL, 'fa fa-dashboard', 1200, 1532168495, 1532169112),
(3, 2, 'admin', 2, 'index/index', '网站设置', 1, 1, 1, NULL, 'fa fa-circle-o', 1, 1532168566, 1532169121),
(4, 2, 'admin', 2, 'index/profile', '资料设置', 1, 1, 1, NULL, 'fa fa-circle-o', 2, 1532169226, 0),
(5, 2, 'admin', 2, 'index/uploads', '文件管理', 1, 1, 1, NULL, 'fa fa-circle-o', 3, 1532169267, 0),
(6, 0, 'admin', 1, 'auth', '权限管理', 1, 1, 1, NULL, 'fa fa-users', 1300, 1532177458, 0),
(7, 6, 'admin', 2, 'auth_admin/index', '管理员列表', 1, 1, 1, NULL, 'fa fa-user-o', 1, 1532177508, 1532189126),
(8, 6, 'admin', 2, 'auth_group/index', '角色列表', 1, 1, 1, NULL, 'fa fa-vcard', 2, 1532177534, 1532188696),
(9, 6, 'admin', 2, 'auth_rule/index', '菜单规则列表', 1, 1, 1, NULL, 'fa fa-user-circle', 3, 1532177559, 1532188705),
(10, 0, 'admin', 1, 'member', '会员管理', 1, 1, 1, NULL, 'fa fa-users', 1400, 1532177701, 1532241958),
(11, 0, 'admin', 1, 'invitation/index', '邀请管理', 1, 1, 1, NULL, 'fa fa-users', 1500, 1532177768, 0),
(12, 0, 'admin', 1, 'task', '任务管理', 1, 1, 1, NULL, 'fa fa-dashboard', 1600, 1532177915, 0),
(14, 12, 'admin', 2, 'taskjoin/index', '任务数据', 1, 1, 1, NULL, 'fa fa-circle-o', 3, 1532177961, 0),
(15, 12, 'admin', 2, 'task/index', '任务列表', 1, 1, 1, NULL, 'fa fa-circle-o', 2, 1532178005, 0),
(16, 12, 'admin', 2, 'taskcategory/index', '分类列表', 1, 1, 1, NULL, 'fa fa-circle-o', 4, 1532178030, 0),
(17, 0, 'admin', 1, 'channel/index', '渠道管理', 1, 1, 1, NULL, 'fa fa-dashboard', 1700, 1532178159, 0),
(18, 0, 'admin', 1, 'recharge/index', '充值管理', 1, 1, 1, NULL, 'fa fa-dashboard', 1800, 1532178193, 0),
(19, 0, 'admin', 1, 'withdraw/index', '提现管理', 1, 1, 1, NULL, 'fa fa-dashboard', 1900, 1532178216, 0),
(20, 0, 'admin', 1, 'notice/index', '公告管理', 1, 1, 1, NULL, 'fa fa-home', 2000, 1532178266, 0),
(21, 0, 'admin', 1, 'banner/index', '轮播图管理', 1, 1, 1, NULL, 'fa fa-dashboard', 2100, 1532178294, 0),
(22, 0, 'admin', 1, 'feedback/index', '反馈管理', 1, 1, 1, NULL, 'fa fa-dashboard', 2200, 1532178317, 0),
(23, 10, 'admin', 2, 'member/index', '会员列表', 1, 1, 1, NULL, 'fa fa-circle-o', 1, 1532241379, 0),
(24, 10, 'admin', 2, 'member/charge', '充值记录', 1, 1, 1, NULL, 'fa fa-circle-o', 2, 1532241433, 0),
(25, 10, 'admin', 2, 'credit_record/index', '资金流水', 1, 1, 1, NULL, 'fa fa-circle-o', 50, 1536659743, 0);

-- --------------------------------------------------------

--
-- 表的结构 `tb_banner`
--

CREATE TABLE IF NOT EXISTS `tb_banner` (
  `id` int(10) NOT NULL AUTO_INCREMENT,
  `title` varchar(80) NOT NULL DEFAULT '',
  `thumb` varchar(255) NOT NULL DEFAULT '',
  `url` varchar(255) NOT NULL DEFAULT '',
  `order_by` int(10) unsigned NOT NULL DEFAULT '0',
  `is_display` tinyint(1) unsigned NOT NULL DEFAULT '1',
  `update_time` int(10) unsigned NOT NULL DEFAULT '0',
  `create_time` int(10) unsigned NOT NULL DEFAULT '0',
  PRIMARY KEY (`id`),
  KEY `order_by` (`is_display`,`order_by`)
) ENGINE=MyISAM  DEFAULT CHARSET=utf8 COMMENT='轮播图' AUTO_INCREMENT=4 ;

--
-- 转存表中的数据 `tb_banner`
--

INSERT INTO `tb_banner` (`id`, `title`, `thumb`, `url`, `order_by`, `is_display`, `update_time`, `create_time`) VALUES
(1, '1', '20180627/520faf2a77e4350d0030a6e83e31573c.png', 'http://www.riyao.net', 3, 1, 1541966534, 1524738575);

-- --------------------------------------------------------

--
-- 表的结构 `tb_channel`
--

CREATE TABLE IF NOT EXISTS `tb_channel` (
  `id` int(11) NOT NULL AUTO_INCREMENT,
  `title` varchar(50) DEFAULT NULL COMMENT '渠道名',
  `order_by` int(11) DEFAULT '0',
  `is_display` tinyint(3) DEFAULT '0' COMMENT '1显示',
  `update_time` int(11) DEFAULT '0',
  `create_time` int(11) DEFAULT '0',
  PRIMARY KEY (`id`)
) ENGINE=MyISAM  DEFAULT CHARSET=utf8mb4 ROW_FORMAT=DYNAMIC AUTO_INCREMENT=6 ;

--
-- 转存表中的数据 `tb_channel`
--

INSERT INTO `tb_channel` (`id`, `title`, `order_by`, `is_display`, `update_time`, `create_time`) VALUES
(4, 'QQ', 0, 1, 0, 1520213049),
(5, 'liang', 1, 1, 1551683337, 1551682736);

-- --------------------------------------------------------

--
-- 表的结构 `tb_charge`
--

CREATE TABLE IF NOT EXISTS `tb_charge` (
  `id` int(11) NOT NULL AUTO_INCREMENT,
  `admin_id` int(10) unsigned NOT NULL DEFAULT '0' COMMENT '操作管理员ID，0代表系统',
  `uid` int(10) unsigned NOT NULL DEFAULT '0',
  `type` varchar(10) CHARACTER SET utf8 NOT NULL DEFAULT '' COMMENT 'credit1积分，credit2余额',
  `num` decimal(10,2) DEFAULT '0.00' COMMENT '充值数量，负数代表减少',
  `remark` varchar(200) CHARACTER SET utf8 NOT NULL,
  `create_time` int(10) unsigned NOT NULL DEFAULT '0',
  PRIMARY KEY (`id`)
) ENGINE=MyISAM  DEFAULT CHARSET=utf8mb4 ROW_FORMAT=DYNAMIC AUTO_INCREMENT=55 ;

--
-- 转存表中的数据 `tb_charge`
--

INSERT INTO `tb_charge` (`id`, `admin_id`, `uid`, `type`, `num`, `remark`, `create_time`) VALUES
(48, 1, 123, 'credit2', '5000.00', '管理员后台操作，充值5000余额。', 1536209049),
(47, 1, 3, 'credit2', '-70974170.81', '管理员后台操作，扣除70974170.81余额。', 1535947682),
(46, 1, 3, 'credit2', '-7000000.00', '管理员后台操作，扣除7000000余额。', 1535947620),
(45, 1, 123, 'credit2', '0.10', '管理员后台操作，充值0.1余额。', 1535947553),
(44, 1, 123, 'credit2', '-1216663.26', '管理员后台操作，扣除1216663.26余额。', 1535947360),
(43, 1, 123, 'credit2', '608331.63', '管理员后台操作，充值608331.63余额。', 1535947340),
(42, 1, 133, 'credit2', '10000.00', '管理员后台操作，充值10000余额。', 1534672038),
(41, 1, 123, 'credit2', '10000.00', '管理员后台操作，充值10000余额。', 1533950366),
(40, 1, 100, 'credit2', '99999.00', '管理员后台操作，充值99999余额。', 1530541055),
(39, 1, 80, 'credit2', '-20000.00', '管理员后台操作，扣除20000余额。', 1530070097),
(38, 1, 3, 'credit2', '99999999.99', '管理员后台操作，充值1.0E+18余额。', 1529765390),
(49, 1, 171, 'credit2', '1000.00', '管理员后台操作，充值1000余额。', 1550422796),
(50, 1, 171, 'credit2', '100.00', '管理员后台操作，充值100余额。', 1552568955),
(51, 1, 171, 'credit2', '95.50', '管理员后台操作，充值95.5余额。', 1552569080),
(52, 1, 171, 'credit2', '4.00', '管理员后台操作，充值4余额。', 1552569097),
(53, 1, 171, 'credit2', '99.00', '管理员后台操作，充值99余额。', 1552569266),
(54, 1, 174, 'credit2', '1000.00', '管理员后台操作，充值1000余额。', 1562221677);

-- --------------------------------------------------------

--
-- 表的结构 `tb_code`
--

CREATE TABLE IF NOT EXISTS `tb_code` (
  `id` int(11) NOT NULL AUTO_INCREMENT,
  `mobile` varchar(11) CHARACTER SET utf8 NOT NULL,
  `email` varchar(20) DEFAULT NULL COMMENT '邮箱',
  `code` varchar(20) CHARACTER SET utf8 DEFAULT NULL COMMENT '验证码',
  `status` tinyint(3) DEFAULT '0' COMMENT '1已使用',
  `ip` varchar(255) CHARACTER SET utf8 DEFAULT NULL COMMENT 'IP地址',
  `create_time` int(11) unsigned NOT NULL DEFAULT '0',
  PRIMARY KEY (`id`)
) ENGINE=MyISAM DEFAULT CHARSET=utf8mb4 ROW_FORMAT=DYNAMIC AUTO_INCREMENT=1 ;

-- --------------------------------------------------------

--
-- 表的结构 `tb_config`
--

CREATE TABLE IF NOT EXISTS `tb_config` (
  `id` int(11) NOT NULL AUTO_INCREMENT,
  `setting` text COMMENT '设置选项，序列化存储',
  `update_time` int(11) DEFAULT '0' COMMENT '修改时间',
  `create_time` int(11) DEFAULT '0',
  PRIMARY KEY (`id`)
) ENGINE=InnoDB  DEFAULT CHARSET=utf8mb4 ROW_FORMAT=DYNAMIC COMMENT='任务配置' AUTO_INCREMENT=2 ;

--
-- 转存表中的数据 `tb_config`
--

INSERT INTO `tb_config` (`id`, `setting`, `update_time`, `create_time`) VALUES
(1, 'a:34:{s:5:"title";s:23:"XX网络科技工作室";s:4:"logo";s:45:"20190703/009c811106fc44ccabce56a516582b9d.jpg";s:2:"qq";s:5:"11111";s:6:"wechat";s:13:"www.riyao.net";s:9:"copyright";s:20:"闽ICP备15018207号";s:10:"baidu_stat";s:0:"";s:10:"baidu_chat";s:0:"";s:9:"seo_title";s:92:"【秒赚】人人帮-微信投票|微信助力|APP下载|游戏推广|营销推广任务墙";s:12:"seo_keywords";s:80:"人人帮,微信投票,微信助力,APP下载,游戏推广,营销推广任务墙";s:15:"seo_description";s:183:"人人帮推广是一站式的移动端任务式赚钱营销推广服务平台，提供微信拉票、微信助力、朋友圈转发、APP下载推广、游戏网贷理财推广等！";s:9:"SMTP_HOST";s:0:"";s:9:"SMTP_PORT";s:0:"";s:9:"SMTP_USER";s:0:"";s:9:"SMTP_PASS";s:0:"";s:10:"FROM_EMAIL";s:0:"";s:9:"FROM_NAME";s:6:"系统";s:10:"TEST_EMAIL";s:0:"";s:27:"invitation_first_task_award";s:3:"0.1";s:26:"invitation_withdraw_rebate";s:1:"0";s:17:"invitation_rebate";s:2:"10";s:17:"sign_give_credit1";s:2:"20";s:18:"sign_continue_give";s:1:"3";s:12:"withdraw_min";s:1:"5";s:12:"withdraw_fee";s:1:"5";s:3:"fee";s:2:"10";s:6:"period";s:9:"0#6#12#24";s:5:"speed";s:1:"6";s:10:"push_check";s:1:"1";s:7:"top_fee";s:1:"1";s:12:"top_max_hour";s:2:"12";s:24:"receive_order_limit_time";s:1:"5";s:22:"check_order_limit_time";s:1:"2";s:16:"join_task_detail";s:1372:"<h5>1、点击一个任务。</h5><p><img alt="1517191346729689.png" src="/ueditor/php/upload/image/20180129/1517191346729689.png"/></p><h5>2、浏览完任务需求后点击 “抢单” 按键，若跳转到做任务界面则抢单成功，如果失败则是目前单数已满。请在抢单后的两小时内完成任务，逾期则自动解锁。</h5><p><img title="1517191382134000.png" alt="help2.png" src="/ueditor/php/upload/image/20180129/1517191382134000.png"/></p><h5>3、跳转到做任务页面，在文本框写上任务需要的文字内容，如果任务有要求的话，还需要上传相应的图片，一切都弄好之后点击右上角的发布，静待文件上传成功后自动跳转。</h5><p><img title="1517191394899149.png" alt="help3.png" src="/ueditor/php/upload/image/20180129/1517191394899149.png"/></p><h5>4、如果抢单后发现自己不符合任务需求，则退回任务详情页，点击解锁即可，如果不点击而又不在两小时内上传任务相关内容的话，系统将会自动解锁。</h5><p><img title="1517191401639366.png" alt="help4.png" src="/ueditor/php/upload/image/20180129/1517191401639366.png"/></p><h5>5、做过的、正在做的任务可以在个人中心的参与中查看。</h5><p><img title="1517191411866530.png" alt="help5.png" src="/ueditor/php/upload/image/20180129/1517191411866530.png"/></p>";s:16:"push_task_detail";s:1599:"<h5>1、点击页面下方发布按键。</h5><p><img title="1517191633304320.png" alt="help6.png" src="/ueditor/php/upload/image/20180129/1517191633304320.png"/></p><h5>2、根据发布任务的要求填写相关内容。</h5><p><img title="1517191637329752.png" alt="help7.png" src="/ueditor/php/upload/image/20180129/1517191637329752.png"/></p><h5>3、点击右上角的发布。如果页面跳转则发布成功，若发布失败，则需根据弹出的错误信息进行相应的修改。</h5><p><img title="1517191642115923.png" alt="help8.png" src="/ueditor/php/upload/image/20180129/1517191642115923.png"/></p><h5>4、发布过的任务可以在“发布”中查看。</h5><p><img title="1517191647505020.png" alt="help9.png" src="/ueditor/php/upload/image/20180129/1517191647505020.png"/></p><h5>5、点击在进行中的任务。</h5><p><img title="1517191652117756.png" alt="help10.png" src="/ueditor/php/upload/image/20180129/1517191652117756.png"/></p><h5>6、在发布任务的任务详情里顶部的审核按键或者直接在底部皆可审核任务。</h5><p><img title="1517191660163219.png" alt="help11.png" src="/ueditor/php/upload/image/20180129/1517191660163219.png"/></p><h5>7、如果审核不通过的话要写明不通过的理由，方便推手进行修改。</h5><p><img title="1517191670623745.png" alt="help12.png" src="/ueditor/php/upload/image/20180129/1517191670623745.png"/></p><h5>8、在任务详情里还可以进行额外的操作。</h5><p><img title="1517191675786750.png" alt="help13.png" src="/ueditor/php/upload/image/20180129/1517191675786750.png"/></p>";}', 1581344276, 1516952068);

-- --------------------------------------------------------

--
-- 表的结构 `tb_credit_record`
--

CREATE TABLE IF NOT EXISTS `tb_credit_record` (
  `id` int(11) NOT NULL AUTO_INCREMENT,
  `uid` int(10) unsigned NOT NULL DEFAULT '0',
  `type` enum('credit1','credit2') NOT NULL COMMENT 'credit1积分，credit2余额',
  `num` decimal(10,2) DEFAULT '0.00' COMMENT '充值数量，负数代表减少',
  `title` varchar(30) NOT NULL DEFAULT '' COMMENT '标题',
  `remark` varchar(200) NOT NULL,
  `create_time` int(10) unsigned NOT NULL DEFAULT '0',
  PRIMARY KEY (`id`),
  KEY `uid` (`uid`) USING BTREE,
  KEY `uid_2` (`uid`,`type`)
) ENGINE=InnoDB  DEFAULT CHARSET=utf8 ROW_FORMAT=DYNAMIC AUTO_INCREMENT=996 ;

--
-- 转存表中的数据 `tb_credit_record`
--

INSERT INTO `tb_credit_record` (`id`, `uid`, `type`, `num`, `title`, `remark`, `create_time`) VALUES
(575, 3, 'credit1', '-10.00', '发布任务', '任务[3]-测试任务标题发布成功，扣除10积分。', 1530451481),
(576, 3, 'credit2', '-255.00', '发布任务', '任务[3]-测试任务标题发布成功，扣除255余额。', 1530451481),
(577, 3, 'credit1', '-10.00', '发布任务', '任务[4]-测试任务标题发布成功，扣除10积分。', 1530451489),
(578, 3, 'credit2', '-255.00', '发布任务', '任务[4]-测试任务标题发布成功，扣除255余额。', 1530451489),
(579, 100, 'credit2', '99999.00', '后台会员充值', '管理员后台操作，充值99999余额。', 1530541055),
(580, 102, 'credit1', '20.00', '签到', '签到成功，获得20积分。', 1530777458),
(581, 104, 'credit1', '20.00', '签到', '签到成功，获得20积分。', 1531150541),
(582, 106, 'credit1', '20.00', '签到', '签到成功，获得20积分。', 1531248603),
(583, 117, 'credit1', '20.00', '签到', '签到成功，获得20积分。', 1532140255),
(584, 3, 'credit1', '20.00', '签到', '签到成功，获得20积分。', 1532153864),
(585, 106, 'credit1', '10.00', '审核任务', '任务[4]-测试任务标题审核成功，奖励10积分。', 1532483518),
(586, 106, 'credit2', '5.00', '审核任务', '任务[4]-测试任务标题审核成功，奖励5.00元。', 1532483518),
(587, 3, 'credit1', '20.00', '签到', '签到成功，获得20积分。', 1532483534),
(588, 3, 'credit2', '-3000.00', '置顶任务', '任务[4]-测试任务标题置顶成功，扣除3000余额。', 1532483555),
(589, 3, 'credit1', '-100.00', '活动抽奖', '使用积分抽奖，扣除100积分。', 1532484255),
(590, 3, 'credit1', '-100.00', '活动抽奖', '使用积分抽奖，扣除100积分。', 1532484263),
(591, 3, 'credit1', '-100.00', '活动抽奖', '使用积分抽奖，扣除100积分。', 1532484271),
(592, 118, 'credit1', '20.00', '签到', '签到成功，获得20积分。', 1532567739),
(593, 120, 'credit1', '20.00', '签到', '签到成功，获得20积分。', 1532781159),
(594, 3, 'credit1', '-5.00', '发布任务', '任务[5]-帮小咖下载试玩发布成功，扣除5积分。', 1532921298),
(595, 3, 'credit2', '-1.01', '发布任务', '任务[5]-帮小咖下载试玩发布成功，扣除1.01余额。', 1532921298),
(596, 3, 'credit1', '-5.00', '发布任务', '任务[6]-帮小咖下载试玩发布成功，扣除5积分。', 1532921304),
(597, 3, 'credit2', '-1.01', '发布任务', '任务[6]-帮小咖下载试玩发布成功，扣除1.01余额。', 1532921304),
(598, 3, 'credit1', '5.00', '删除任务', '任务[5]-帮小咖下载试玩删除成功，退还5积分。', 1532921317),
(599, 3, 'credit2', '1.01', '删除任务', '任务[5]-帮小咖下载试玩删除成功，退还1.01余额。', 1532921317),
(600, 3, 'credit2', '245.00', '任务到期', '任务[4]-测试任务标题到期处理，退回245元。', 1532921328),
(601, 3, 'credit1', '5.00', '编辑任务', '任务[6]-帮小咖下载试玩保存成功，退回原5积分。', 1532921371),
(602, 3, 'credit2', '1.01', '编辑任务', '任务[6]-帮小咖下载试玩保存成功，退回原1.01余额。', 1532921371),
(603, 3, 'credit1', '-5.00', '编辑任务', '任务[6]-帮小咖下载试玩保存成功，扣除新5积分。', 1532921371),
(604, 3, 'credit2', '-2.02', '编辑任务', '任务[6]-帮小咖下载试玩保存成功，扣除新2.02余额。', 1532921371),
(605, 3, 'credit2', '-9.00', '置顶任务', '任务[6]-帮小咖下载试玩置顶成功，扣除9余额。', 1532921652),
(606, 3, 'credit1', '20.00', '签到', '签到成功，获得20积分。', 1532921721),
(607, 3, 'credit2', '2.00', '任务到期', '任务[6]-帮小咖下载试玩到期处理，退回2元。', 1532922072),
(608, 3, 'credit1', '-8.00', '发布任务', '任务[7]-帮小咖下载试玩任务发布成功，扣除8积分。', 1532922411),
(609, 3, 'credit2', '-2.02', '发布任务', '任务[7]-帮小咖下载试玩任务发布成功，扣除2.02余额。', 1532922411),
(610, 121, 'credit1', '20.00', '签到', '签到成功，获得20积分。', 1532930446),
(611, 122, 'credit1', '20.00', '签到', '签到成功，获得20积分。', 1532941009),
(612, 123, 'credit1', '20.00', '签到', '签到成功，获得20积分。', 1533000821),
(613, 3, 'credit2', '-15.00', '置顶任务', '任务[7]-帮小咖下载试玩任务置顶成功，扣除15余额。', 1533008212),
(614, 121, 'credit1', '20.00', '签到', '签到成功，获得20积分。', 1533174135),
(615, 126, 'credit1', '20.00', '签到', '签到成功，获得20积分。', 1533182434),
(616, 123, 'credit1', '20.00', '签到', '签到成功，获得20积分。', 1533205353),
(617, 127, 'credit1', '20.00', '签到', '签到成功，获得20积分。', 1533240364),
(618, 3, 'credit1', '20.00', '签到', '签到成功，获得20积分。', 1533467156),
(619, 123, 'credit1', '20.00', '签到', '签到成功，获得20积分。', 1533882266),
(620, 132, 'credit1', '20.00', '签到', '签到成功，获得20积分。', 1533908509),
(621, 3, 'credit1', '-4.00', '发布任务', '任务[8]-测试任务开发发布成功，扣除4积分。', 1533950160),
(622, 3, 'credit2', '-6.06', '发布任务', '任务[8]-测试任务开发发布成功，扣除6.06余额。', 1533950160),
(623, 123, 'credit2', '10000.00', '后台会员充值', '管理员后台操作，充值10000余额。', 1533950366),
(624, 3, 'credit2', '-9.00', '置顶任务', '任务[8]-测试任务开发置顶成功，扣除9余额。', 1534031141),
(625, 3, 'credit1', '-66.00', '发布任务', '任务[9]-22222222222222222222发布成功，扣除66积分。', 1534031530),
(626, 3, 'credit2', '-1.01', '发布任务', '任务[9]-22222222222222222222发布成功，扣除1.01余额。', 1534031530),
(627, 132, 'credit1', '20.00', '签到', '签到成功，获得20积分。', 1534035265),
(628, 121, 'credit1', '20.00', '签到', '签到成功，获得20积分。', 1534482008),
(629, 132, 'credit1', '66.00', '审核任务', '任务[9]-22222222222222222222审核成功，奖励66积分。', 1534486957),
(630, 132, 'credit2', '1.00', '审核任务', '任务[9]-22222222222222222222审核成功，奖励1.00元。', 1534486957),
(631, 3, 'credit1', '20.00', '签到', '签到成功，获得20积分。', 1534561094),
(632, 3, 'credit2', '-11000.00', '提现', '申请提现到账号：1000@qq，扣除11000余额。', 1534571189),
(633, 123, 'credit2', '11000.00', '会员充值', '充值申请审核通过，充值11000.00余额。', 1534598533),
(634, 133, 'credit2', '10000.00', '后台会员充值', '管理员后台操作，充值10000余额。', 1534672038),
(635, 3, 'credit1', '-66666.00', '发布任务', '任务[10]-测是发布成功，扣除66666积分。', 1534730823),
(636, 3, 'credit2', '-30.30', '发布任务', '任务[10]-测是发布成功，扣除30.3余额。', 1534730823),
(637, 3, 'credit1', '-100.00', '活动抽奖', '使用积分抽奖，扣除100积分。', 1534731675),
(638, 136, 'credit1', '66666.00', '审核任务', '任务[10]-测是审核成功，奖励66666积分。', 1534764390),
(639, 136, 'credit2', '10.00', '审核任务', '任务[10]-测是审核成功，奖励10.00元。', 1534764390),
(640, 136, 'credit1', '66666.00', '审核任务', '任务[10]-测是审核成功，奖励66666积分。', 1534764420),
(641, 136, 'credit2', '10.00', '审核任务', '任务[10]-测是审核成功，奖励10.00元。', 1534764420),
(642, 123, 'credit1', '4.00', '审核任务', '任务[8]-测试任务开发审核成功，奖励4积分。', 1534764496),
(643, 123, 'credit2', '1.00', '审核任务', '任务[8]-测试任务开发审核成功，奖励1.00元。', 1534764496),
(644, 123, 'credit1', '4.00', '审核任务', '任务[8]-测试任务开发审核成功，奖励4积分。', 1534764615),
(645, 123, 'credit2', '1.00', '审核任务', '任务[8]-测试任务开发审核成功，奖励1.00元。', 1534764615),
(646, 123, 'credit1', '66666.00', '审核任务', '任务[10]-测是审核成功，奖励66666积分。', 1534768510),
(647, 123, 'credit2', '10.00', '审核任务', '任务[10]-测是审核成功，奖励10.00元。', 1534768510),
(648, 3, 'credit1', '-33.00', '发布任务', '任务[15]-3333发布成功，扣除33积分。', 1534769721),
(649, 3, 'credit2', '-311.08', '发布任务', '任务[15]-3333发布成功，扣除311.08余额。', 1534769721),
(650, 3, 'credit1', '20.00', '签到', '签到成功，获得20积分。', 1534769911),
(651, 3, 'credit1', '3.00', '签到', '您已连续1天签到，额外获得3积分。', 1534769911),
(652, 3, 'credit1', '-9.00', '发布任务', '任务[16]-测试图片是否可以上传发布成功，扣除9积分。', 1534770450),
(653, 3, 'credit2', '-5.05', '发布任务', '任务[16]-测试图片是否可以上传发布成功，扣除5.05余额。', 1534770450),
(654, 122, 'credit2', '0.20', '审核任务', '任务[7]-帮小咖下载试玩任务审核成功，奖励0.20元。', 1534773562),
(655, 123, 'credit1', '20.00', '签到', '签到成功，获得20积分。', 1534776001),
(656, 123, 'credit1', '3.00', '签到', '您已连续1天签到，额外获得3积分。', 1534776001),
(657, 123, 'credit1', '20.00', '签到', '签到成功，获得20积分。', 1534807915),
(658, 123, 'credit1', '6.00', '签到', '您已连续2天签到，额外获得6积分。', 1534807915),
(659, 3, 'credit1', '20.00', '签到', '签到成功，获得20积分。', 1534811957),
(660, 3, 'credit1', '6.00', '签到', '您已连续2天签到，额外获得6积分。', 1534811957),
(661, 123, 'credit1', '-333.00', '发布任务', '任务[17]-任务bug发布成功，扣除333积分。', 1534938050),
(662, 123, 'credit2', '-585.80', '发布任务', '任务[17]-任务bug发布成功，扣除585.8余额。', 1534938050),
(663, 123, 'credit1', '-333.00', '发布任务', '任务[18]-任务bug发布成功，扣除333积分。', 1534938053),
(664, 123, 'credit2', '-585.80', '发布任务', '任务[18]-任务bug发布成功，扣除585.8余额。', 1534938053),
(665, 3, 'credit1', '20.00', '签到', '签到成功，获得20积分。', 1534938513),
(666, 3, 'credit1', '9.00', '签到', '您已连续3天签到，额外获得9积分。', 1534938513),
(667, 141, 'credit1', '20.00', '签到', '签到成功，获得20积分。', 1535068361),
(668, 141, 'credit1', '3.00', '签到', '您已连续1天签到，额外获得3积分。', 1535068361),
(669, 3, 'credit2', '-605.00', '提现', '申请提现到账号：1000@qq，扣除605余额。', 1535072005),
(670, 3, 'credit1', '20.00', '签到', '签到成功，获得20积分。', 1535072047),
(671, 3, 'credit1', '3.00', '签到', '您已连续1天签到，额外获得3积分。', 1535072047),
(672, 123, 'credit1', '-100.00', '活动抽奖', '使用积分抽奖，扣除100积分。', 1535216860),
(673, 123, 'credit1', '-100.00', '活动抽奖', '使用积分抽奖，扣除100积分。', 1535216873),
(674, 123, 'credit1', '-100.00', '活动抽奖', '使用积分抽奖，扣除100积分。', 1535216881),
(675, 123, 'credit1', '-100.00', '活动抽奖', '使用积分抽奖，扣除100积分。', 1535216889),
(676, 3, 'credit1', '20.00', '签到', '签到成功，获得20积分。', 1535259051),
(677, 3, 'credit1', '3.00', '签到', '您已连续1天签到，额外获得3积分。', 1535259051),
(678, 3, 'credit2', '0.01', '会员充值', '支付宝充值金额：0.01。', 1535266717),
(679, 3, 'credit1', '-3.00', '发布任务', '任务[1]-测试任务发布成功，扣除3积分。', 1535281864),
(680, 3, 'credit2', '-257.55', '发布任务', '任务[1]-测试任务发布成功，扣除257.55余额。', 1535281864),
(681, 3, 'credit1', '-3.00', '发布任务', '任务[2]-测试任务发布成功，扣除3积分。', 1535281866),
(682, 3, 'credit2', '-257.55', '发布任务', '任务[2]-测试任务发布成功，扣除257.55余额。', 1535281866),
(683, 3, 'credit2', '0.01', '会员充值', '支付宝充值金额：0.01。', 1535282600),
(684, 3, 'credit2', '0.01', '会员充值', '支付宝充值金额：0.01。', 1535289361),
(685, 3, 'credit2', '0.01', '会员充值', '支付宝充值金额：0.01。', 1535289423),
(686, 3, 'credit2', '0.01', '会员充值', '支付宝充值金额：0.01。', 1535290131),
(687, 3, 'credit2', '0.01', '会员充值', '支付宝充值金额：0.01。', 1535291057),
(688, 3, 'credit2', '-9900.00', '提现', '申请提现到账号：1000@qq，扣除9900余额。', 1535337460),
(689, 3, 'credit1', '-100.00', '活动抽奖', '使用积分抽奖，扣除100积分。', 1535357196),
(690, 3, 'credit1', '-100.00', '活动抽奖', '使用积分抽奖，扣除100积分。', 1535360099),
(691, 3, 'credit1', '-100.00', '活动抽奖', '使用积分抽奖，扣除100积分。', 1535360960),
(692, 3, 'credit1', '-100.00', '活动抽奖', '使用积分抽奖，扣除100积分。', 1535363566),
(693, 3, 'credit1', '-100.00', '活动抽奖', '使用积分抽奖，扣除100积分。', 1535363586),
(694, 3, 'credit1', '-10.00', '发布任务', '任务[3]-测试任务发布成功，扣除10积分。', 1535497730),
(695, 3, 'credit2', '-1010.00', '发布任务', '任务[3]-测试任务发布成功，扣除1010余额。', 1535497730),
(696, 3, 'credit1', '20.00', '签到', '签到成功，获得20积分。', 1535497878),
(697, 3, 'credit1', '3.00', '签到', '您已连续1天签到，额外获得3积分。', 1535497878),
(698, 3, 'credit2', '-10999998.90', '提现', '申请提现到账号：1000@qq，扣除10999998.9余额。', 1535510932),
(699, 3, 'credit2', '-10999998.90', '提现', '申请提现到账号：1000@qq，扣除10999998.9余额。', 1535510933),
(700, 3, 'credit1', '20.00', '签到', '签到成功，获得20积分。', 1535649847),
(701, 3, 'credit1', '3.00', '签到', '您已连续1天签到，额外获得3积分。', 1535649847),
(702, 123, 'credit1', '-3.00', '发布任务', '任务[4]-发送到发送到范德萨发布成功，扣除3积分。', 1535667815),
(703, 123, 'credit2', '-4488.44', '发布任务', '任务[4]-发送到发送到范德萨发布成功，扣除4488.44余额。', 1535667815),
(704, 123, 'credit2', '4444.00', '任务到期', '任务[4]-发送到发送到范德萨到期处理，退回4444元。', 1535667835),
(705, 123, 'credit2', '4444.00', '任务到期', '任务[4]-发送到发送到范德萨到期处理，退回4444元。', 1535667836),
(706, 123, 'credit2', '4444.00', '任务到期', '任务[4]-发送到发送到范德萨到期处理，退回4444元。', 1535667838),
(707, 123, 'credit2', '4444.00', '任务到期', '任务[4]-发送到发送到范德萨到期处理，退回4444元。', 1535667839),
(708, 123, 'credit2', '4444.00', '任务到期', '任务[4]-发送到发送到范德萨到期处理，退回4444元。', 1535667841),
(709, 123, 'credit2', '4444.00', '任务到期', '任务[4]-发送到发送到范德萨到期处理，退回4444元。', 1535667842),
(710, 123, 'credit2', '4444.00', '任务到期', '任务[4]-发送到发送到范德萨到期处理，退回4444元。', 1535667848),
(711, 123, 'credit2', '4444.00', '任务到期', '任务[4]-发送到发送到范德萨到期处理，退回4444元。', 1535667850),
(712, 147, 'credit1', '20.00', '签到', '签到成功，获得20积分。', 1535691416),
(713, 147, 'credit1', '3.00', '签到', '您已连续1天签到，额外获得3积分。', 1535691416),
(714, 123, 'credit1', '-3.00', '发布任务', '任务[5]-dasdsadasdsad发布成功，扣除3积分。', 1535692558),
(715, 123, 'credit2', '-2.02', '发布任务', '任务[5]-dasdsadasdsad发布成功，扣除2.02余额。', 1535692558),
(716, 123, 'credit2', '2.00', '任务到期', '任务[5]-dasdsadasdsad到期处理，退回2元。', 1535692572),
(717, 123, 'credit2', '2.00', '任务到期', '任务[5]-dasdsadasdsad到期处理，退回2元。', 1535692574),
(718, 123, 'credit2', '2.00', '任务到期', '任务[5]-dasdsadasdsad到期处理，退回2元。', 1535692575),
(719, 123, 'credit2', '2.00', '任务到期', '任务[5]-dasdsadasdsad到期处理，退回2元。', 1535692576),
(720, 123, 'credit2', '2.00', '任务到期', '任务[5]-dasdsadasdsad到期处理，退回2元。', 1535692578),
(721, 123, 'credit2', '2.00', '任务到期', '任务[5]-dasdsadasdsad到期处理，退回2元。', 1535692579),
(722, 123, 'credit2', '2.00', '任务到期', '任务[5]-dasdsadasdsad到期处理，退回2元。', 1535692580),
(723, 123, 'credit1', '-3.00', '发布任务', '任务[6]-34234234发布成功，扣除3积分。', 1535692637),
(724, 123, 'credit2', '-11222.11', '发布任务', '任务[6]-34234234发布成功，扣除11222.11余额。', 1535692637),
(725, 123, 'credit2', '11111.00', '任务到期', '任务[6]-34234234到期处理，退回11111元。', 1535692645),
(726, 123, 'credit2', '11111.00', '任务到期', '任务[6]-34234234到期处理，退回11111元。', 1535692647),
(727, 123, 'credit2', '11111.00', '任务到期', '任务[6]-34234234到期处理，退回11111元。', 1535692648),
(728, 123, 'credit2', '11111.00', '任务到期', '任务[6]-34234234到期处理，退回11111元。', 1535692649),
(729, 123, 'credit2', '11111.00', '任务到期', '任务[6]-34234234到期处理，退回11111元。', 1535692651),
(730, 123, 'credit2', '11111.00', '任务到期', '任务[6]-34234234到期处理，退回11111元。', 1535692652),
(731, 123, 'credit2', '11111.00', '任务到期', '任务[6]-34234234到期处理，退回11111元。', 1535692653),
(732, 123, 'credit1', '-333.00', '发布任务', '任务[7]-33333333333333333333333333发布成功，扣除333积分。', 1535692733),
(733, 123, 'credit2', '-111997.89', '发布任务', '任务[7]-33333333333333333333333333发布成功，扣除111997.89余额。', 1535692733),
(734, 123, 'credit2', '110889.00', '任务到期', '任务[7]-33333333333333333333333333到期处理，退回110889元。', 1535692784),
(735, 123, 'credit2', '110889.00', '任务到期', '任务[7]-33333333333333333333333333到期处理，退回110889元。', 1535692786),
(736, 123, 'credit2', '110889.00', '任务到期', '任务[7]-33333333333333333333333333到期处理，退回110889元。', 1535693074),
(737, 123, 'credit2', '110889.00', '任务到期', '任务[7]-33333333333333333333333333到期处理，退回110889元。', 1535693077),
(738, 123, 'credit2', '110889.00', '任务到期', '任务[7]-33333333333333333333333333到期处理，退回110889元。', 1535693080),
(739, 123, 'credit1', '-111.00', '发布任务', '任务[8]-123456 123456 123456发布成功，扣除111积分。', 1535694986),
(740, 123, 'credit2', '-11222.11', '发布任务', '任务[8]-123456 123456 123456发布成功，扣除11222.11余额。', 1535694986),
(741, 123, 'credit2', '11111.00', '任务到期', '任务[8]-123456 123456 123456到期处理，退回11111元。', 1535694995),
(742, 123, 'credit2', '11111.00', '任务到期', '任务[8]-123456 123456 123456到期处理，退回11111元。', 1535694997),
(743, 123, 'credit2', '11111.00', '任务到期', '任务[8]-123456 123456 123456到期处理，退回11111元。', 1535694998),
(744, 123, 'credit2', '11111.00', '任务到期', '任务[8]-123456 123456 123456到期处理，退回11111元。', 1535695000),
(745, 123, 'credit2', '11111.00', '任务到期', '任务[8]-123456 123456 123456到期处理，退回11111元。', 1535695010),
(746, 123, 'credit2', '11111.00', '任务到期', '任务[8]-123456 123456 123456到期处理，退回11111元。', 1535695016),
(747, 123, 'credit1', '-8888.00', '发布任务', '任务[9]-22222222222发布成功，扣除8888积分。', 1535695393),
(748, 123, 'credit2', '-4.04', '发布任务', '任务[9]-22222222222发布成功，扣除4.04余额。', 1535695393),
(749, 123, 'credit1', '-30.00', '发布任务', '任务[10]-333333333333333333发布成功，扣除30积分。', 1535695506),
(750, 123, 'credit2', '-99.99', '发布任务', '任务[10]-333333333333333333发布成功，扣除99.99余额。', 1535695506),
(751, 123, 'credit2', '99.00', '任务到期', '任务[10]-333333333333333333到期处理，退回99元。', 1535695595),
(752, 123, 'credit1', '-22.00', '发布任务', '任务[11]-55555发布成功，扣除22积分。', 1535695709),
(753, 123, 'credit2', '-66.66', '发布任务', '任务[11]-55555发布成功，扣除66.66余额。', 1535695709),
(754, 123, 'credit1', '-8.00', '发布任务', '任务[12]-11111111111111发布成功，扣除8积分。', 1535695977),
(755, 123, 'credit2', '-101.00', '发布任务', '任务[12]-11111111111111发布成功，扣除101余额。', 1535695977),
(756, 123, 'credit2', '100.00', '任务到期', '任务[12]-11111111111111到期处理，退回100元。', 1535714991),
(757, 123, 'credit2', '100.00', '任务到期', '任务[12]-11111111111111到期处理，退回100元。', 1535715018),
(758, 123, 'credit2', '100.00', '任务到期', '任务[12]-11111111111111到期处理，退回100元。', 1535715021),
(759, 123, 'credit2', '100.00', '任务到期', '任务[12]-11111111111111到期处理，退回100元。', 1535715023),
(760, 123, 'credit2', '100.00', '任务到期', '任务[12]-11111111111111到期处理，退回100元。', 1535715024),
(761, 123, 'credit1', '20.00', '签到', '签到成功，获得20积分。', 1535729730),
(762, 123, 'credit1', '3.00', '签到', '您已连续1天签到，额外获得3积分。', 1535729730),
(763, 3, 'credit1', '-222.00', '发布任务', '任务[13]-22222222222222222发布成功，扣除222积分。', 1535787726),
(764, 3, 'credit2', '-44.44', '发布任务', '任务[13]-22222222222222222发布成功，扣除44.44余额。', 1535787726),
(765, 3, 'credit2', '44.00', '任务到期', '任务[13]-22222222222222222到期处理，退回44元。', 1535787744),
(766, 3, 'credit2', '1000.00', '任务到期', '任务[3]-测试任务到期处理，退回1000元。', 1535787794),
(767, 3, 'credit1', '-8.00', '发布任务', '任务[14]-6666666666666666666666666发布成功，扣除8积分。', 1535787853),
(768, 3, 'credit2', '-36.36', '发布任务', '任务[14]-6666666666666666666666666发布成功，扣除36.36余额。', 1535787853),
(769, 123, 'credit2', '66.00', '任务到期', '任务[11]-55555到期处理，退回66元。', 1535815975),
(770, 123, 'credit1', '-3.00', '发布任务', '任务[15]-测试无限刷下架发布成功，扣除3积分。', 1535816079),
(771, 123, 'credit2', '-9080.91', '发布任务', '任务[15]-测试无限刷下架发布成功，扣除9080.91余额。', 1535816079),
(772, 123, 'credit2', '8991.00', '任务到期', '任务[15]-测试无限刷下架到期处理，退回8991元。', 1535816087),
(773, 123, 'credit1', '20.00', '签到', '签到成功，获得20积分。', 1535816758),
(774, 123, 'credit1', '3.00', '签到', '您已连续1天签到，额外获得3积分。', 1535816758),
(775, 123, 'credit2', '-7332.60', '提现', '申请提现到账号：18789097320，扣除7332.6余额。', 1535894386),
(776, 123, 'credit1', '-5.00', '发布任务', '任务[16]-测试1发布成功，扣除5积分。', 1535933587),
(777, 123, 'credit2', '-1.01', '发布任务', '任务[16]-测试1发布成功，扣除1.01余额。', 1535933587),
(778, 123, 'credit2', '1.01', '任务发布审核', '任务[16]-测试1发布审核未通过，退回1.01余额。', 1535933627),
(779, 123, 'credit1', '-3.00', '发布任务', '任务[17]-11111111111111111发布成功，扣除3积分。', 1535946920),
(780, 123, 'credit2', '-1.01', '发布任务', '任务[17]-11111111111111111发布成功，扣除1.01余额。', 1535946920),
(781, 123, 'credit2', '1.01', '任务发布审核', '任务[17]-11111111111111111发布审核未通过，退回1.01余额。', 1535947093),
(782, 123, 'credit2', '608331.63', '后台会员充值', '管理员后台操作，充值608331.63余额。', 1535947340),
(783, 123, 'credit2', '-1216663.26', '后台会员充值', '管理员后台操作，扣除1216663.26余额。', 1535947360),
(784, 123, 'credit2', '0.10', '后台会员充值', '管理员后台操作，充值0.1余额。', 1535947553),
(785, 123, 'credit1', '-3.00', '发布任务', '任务[18]-测试测试测试啊啊发布成功，扣除3积分。', 1535947555),
(786, 123, 'credit2', '-1.01', '发布任务', '任务[18]-测试测试测试啊啊发布成功，扣除1.01余额。', 1535947555),
(787, 3, 'credit2', '-7000000.00', '后台会员充值', '管理员后台操作，扣除7000000余额。', 1535947620),
(788, 3, 'credit2', '-70974170.81', '后台会员充值', '管理员后台操作，扣除70974170.81余额。', 1535947682),
(789, 123, 'credit1', '3.00', '删除任务', '任务[17]-11111111111111111删除成功，退还3积分。', 1535948027),
(790, 123, 'credit2', '1.01', '删除任务', '任务[17]-11111111111111111删除成功，退还1.01余额。', 1535948027),
(791, 123, 'credit2', '1.01', '任务发布审核', '任务[18]-测试测试测试啊啊发布审核未通过，退回1.01余额。', 1535948331),
(792, 123, 'credit1', '20.00', '签到', '签到成功，获得20积分。', 1535948454),
(793, 123, 'credit1', '3.00', '签到', '您已连续1天签到，额外获得3积分。', 1535948454),
(794, 148, 'credit1', '20.00', '签到', '签到成功，获得20积分。', 1535964770),
(795, 148, 'credit1', '3.00', '签到', '您已连续1天签到，额外获得3积分。', 1535964770),
(796, 3, 'credit2', '36.36', '任务发布审核', '任务[14]-6666666666666666666666666发布审核未通过，退回36.36余额。', 1536145186),
(797, 123, 'credit2', '0.10', '会员充值', '支付宝充值金额：0.10。', 1536145453),
(798, 123, 'credit2', '100.00', '会员充值', '充值申请审核通过，充值100.00余额。', 1536146183),
(799, 123, 'credit2', '-99.00', '提现', '申请提现到账号：1031937340@qq.com，扣除99余额。', 1536146216),
(800, 123, 'credit2', '5000.00', '后台会员充值', '管理员后台操作，充值5000余额。', 1536209049),
(801, 123, 'credit1', '-222.00', '发布任务', '任务[19]-333333333333333333333333发布成功，扣除222积分。', 1536209066),
(802, 123, 'credit2', '-4932.84', '发布任务', '任务[19]-333333333333333333333333发布成功，扣除4932.84余额。', 1536209066),
(803, 123, 'credit1', '20.00', '签到', '签到成功，获得20积分。', 1536209076),
(804, 123, 'credit1', '3.00', '签到', '您已连续1天签到，额外获得3积分。', 1536209076),
(805, 123, 'credit2', '10.00', '会员充值', '充值申请审核通过，充值10.00余额。', 1536212064),
(806, 156, 'credit1', '20.00', '签到', '签到成功，获得20积分。', 1536382008),
(807, 156, 'credit1', '3.00', '签到', '您已连续1天签到，额外获得3积分。', 1536382008),
(808, 3, 'credit2', '222.00', '审核任务', '任务[19]-333333333333333333333333审核成功，奖励222.00元。', 1536560262),
(809, 160, 'credit1', '222.00', '审核任务', '任务[19]-333333333333333333333333审核成功，奖励222积分。', 1536660625),
(810, 160, 'credit2', '222.00', '审核任务', '任务[19]-333333333333333333333333审核成功，奖励222.00元。', 1536660625),
(811, 160, 'credit1', '222.00', '审核任务', '任务[19]-333333333333333333333333审核成功，奖励222积分。', 1536660638),
(812, 160, 'credit2', '222.00', '审核任务', '任务[19]-333333333333333333333333审核成功，奖励222.00元。', 1536660638),
(813, 160, 'credit1', '222.00', '审核任务', '任务[19]-333333333333333333333333审核成功，奖励222积分。', 1536660648),
(814, 160, 'credit2', '222.00', '审核任务', '任务[19]-333333333333333333333333审核成功，奖励222.00元。', 1536660648),
(815, 159, 'credit1', '222.00', '审核任务', '任务[19]-333333333333333333333333审核成功，奖励222积分。', 1536660669),
(816, 159, 'credit2', '222.00', '审核任务', '任务[19]-333333333333333333333333审核成功，奖励222.00元。', 1536660669),
(817, 3, 'credit1', '20.00', '签到', '签到成功，获得20积分。', 1536681685),
(818, 3, 'credit1', '3.00', '签到', '您已连续1天签到，额外获得3积分。', 1536681685),
(819, 161, 'credit1', '20.00', '签到', '签到成功，获得20积分。', 1536837268),
(820, 161, 'credit1', '3.00', '签到', '您已连续1天签到，额外获得3积分。', 1536837268),
(821, 159, 'credit1', '-100.00', '活动抽奖', '使用积分抽奖，扣除100积分。', 1536928396),
(822, 159, 'credit1', '20.00', '签到', '签到成功，获得20积分。', 1536928433),
(823, 159, 'credit1', '3.00', '签到', '您已连续1天签到，额外获得3积分。', 1536928433),
(824, 165, 'credit1', '20.00', '签到', '签到成功，获得20积分。', 1537079984),
(825, 165, 'credit1', '3.00', '签到', '您已连续1天签到，额外获得3积分。', 1537079984),
(826, 123, 'credit1', '20.00', '签到', '签到成功，获得20积分。', 1537086402),
(827, 123, 'credit1', '3.00', '签到', '您已连续1天签到，额外获得3积分。', 1537086402),
(828, 158, 'credit2', '0.10', '会员充值', '支付宝充值金额：0.10。', 1537275890),
(829, 165, 'credit2', '500.00', '会员充值', '充值申请审核通过，充值500.00余额。', 1537279875),
(830, 123, 'credit1', '20.00', '签到', '签到成功，获得20积分。', 1537349523),
(831, 123, 'credit1', '3.00', '签到', '您已连续1天签到，额外获得3积分。', 1537349523),
(832, 165, 'credit2', '-110.00', '提现', '申请提现到账号：13928484804，扣除110余额。', 1537359466),
(833, 165, 'credit2', '-20.20', '发布任务', '任务[20]-的双方各得给对方发布成功，扣除20.2余额。', 1537360111),
(834, 159, 'credit2', '0.20', '审核任务', '任务[20]-的双方各得给对方审核成功，奖励0.20元。', 1537360502),
(835, 159, 'credit2', '0.20', '审核任务', '任务[20]-的双方各得给对方审核成功，奖励0.20元。', 1537360511),
(836, 123, 'credit1', '-500.00', '发布任务', '任务[21]-朋友圈转发发布成功，扣除500积分。', 1537433378),
(837, 123, 'credit2', '-50.50', '发布任务', '任务[21]-朋友圈转发发布成功，扣除50.5余额。', 1537433378),
(838, 166, 'credit1', '20.00', '签到', '签到成功，获得20积分。', 1537589243),
(839, 166, 'credit1', '3.00', '签到', '您已连续1天签到，额外获得3积分。', 1537589243),
(840, 161, 'credit2', '15.00', '会员充值', '充值申请审核通过，充值15.00余额。', 1537769844),
(841, 123, 'credit1', '-100.00', '活动抽奖', '使用积分抽奖，扣除100积分。', 1537828707),
(842, 161, 'credit1', '-1.00', '发布任务', '任务[22]-发一个试试发布成功，扣除1积分。', 1538133121),
(843, 161, 'credit2', '-2.53', '发布任务', '任务[22]-发一个试试发布成功，扣除2.525余额。', 1538133121),
(844, 161, 'credit2', '2.50', '任务到期', '任务[22]-发一个试试到期处理，退回2.5元。', 1538133178),
(845, 166, 'credit1', '500.00', '任务到期', '任务[21]-朋友圈转发到期自动审核，奖励500积分。', 1538133891),
(846, 166, 'credit2', '0.50', '任务到期', '任务[21]-朋友圈转发到期自动审核，奖励0.50元。', 1538133891),
(847, 168, 'credit1', '500.00', '任务到期', '任务[21]-朋友圈转发到期自动审核，奖励500积分。', 1538133891),
(848, 168, 'credit2', '0.50', '任务到期', '任务[21]-朋友圈转发到期自动审核，奖励0.50元。', 1538133891),
(849, 123, 'credit2', '50.00', '任务到期', '任务[21]-朋友圈转发到期处理，退回50元。', 1538133891),
(850, 161, 'credit1', '500.00', '审核任务', '任务[21]-朋友圈转发审核成功，奖励500积分。', 1538134121),
(851, 161, 'credit2', '0.50', '审核任务', '任务[21]-朋友圈转发审核成功，奖励0.50元。', 1538134121),
(852, 123, 'credit2', '-3.00', '置顶任务', '任务[19]-333333333333333333333333置顶成功，扣除3余额。', 1538314379),
(853, 123, 'credit1', '20.00', '签到', '签到成功，获得20积分。', 1538884376),
(854, 123, 'credit1', '3.00', '签到', '您已连续1天签到，额外获得3积分。', 1538884376),
(855, 123, 'credit1', '-100.00', '活动抽奖', '使用积分抽奖，扣除100积分。', 1538884386),
(856, 123, 'credit1', '-5544.00', '发布任务', '任务[23]-dfasfdsadfsad发布成功，扣除5544积分。', 1538923591),
(857, 123, 'credit2', '-37.27', '发布任务', '任务[23]-dfasfdsadfsad发布成功，扣除37.269余额。', 1538923591),
(858, 170, 'credit1', '20.00', '签到', '签到成功，获得20积分。', 1539155811),
(859, 170, 'credit1', '3.00', '签到', '您已连续1天签到，额外获得3积分。', 1539155811),
(860, 123, 'credit1', '-10.00', '发布任务', '任务[24]-微信投票发布成功，扣除10积分。', 1540533703),
(861, 123, 'credit2', '-2.02', '发布任务', '任务[24]-微信投票发布成功，扣除2.02余额。', 1540533703),
(862, 166, 'credit1', '222.00', '审核任务', '任务[19]-333333333333333333333333审核成功，奖励222积分。', 1540914530),
(863, 166, 'credit2', '222.00', '审核任务', '任务[19]-333333333333333333333333审核成功，奖励222.00元。', 1540914530),
(864, 123, 'credit1', '20.00', '签到', '签到成功，获得20积分。', 1540915742),
(865, 123, 'credit1', '3.00', '签到', '您已连续1天签到，额外获得3积分。', 1540915742),
(866, 123, 'credit2', '0.20', '审核任务', '任务[20]-的双方各得给对方审核成功，奖励0.20元。', 1540916950),
(867, 123, 'credit2', '0.20', '审核任务', '任务[20]-的双方各得给对方审核成功，奖励0.20元。', 1540916960),
(868, 171, 'credit1', '20.00', '签到', '签到成功，获得20积分。', 1540973313),
(869, 171, 'credit1', '3.00', '签到', '您已连续1天签到，额外获得3积分。', 1540973313),
(870, 123, 'credit1', '20.00', '签到', '签到成功，获得20积分。', 1541042058),
(871, 123, 'credit1', '3.00', '签到', '您已连续1天签到，额外获得3积分。', 1541042058),
(872, 123, 'credit1', '-100.00', '活动抽奖', '使用积分抽奖，扣除100积分。', 1541042118),
(873, 123, 'credit1', '100.00', '活动抽奖', '成功抽到50积分，赠送50积分。', 1541042118),
(874, 123, 'credit1', '-123.00', '发布任务', '任务[25]-111发布成功，扣除123积分。', 1541967421),
(875, 123, 'credit2', '-11.11', '发布任务', '任务[25]-111发布成功，扣除11.11余额。', 1541967421),
(876, 171, 'credit1', '20.00', '签到', '签到成功，获得20积分。', 1550304271),
(877, 171, 'credit1', '3.00', '签到', '您已连续1天签到，额外获得3积分。', 1550304271),
(878, 171, 'credit2', '10.00', '会员充值', '充值申请审核通过，充值10.00余额。', 1550422751),
(879, 171, 'credit2', '1000.00', '后台会员充值', '管理员后台操作，充值1000余额。', 1550422796),
(880, 171, 'credit1', '-5.00', '发布任务', '任务[26]-注册任务量发布成功，扣除5积分。', 1550422809),
(881, 171, 'credit2', '-50.50', '发布任务', '任务[26]-注册任务量发布成功，扣除50.5余额。', 1550422809),
(882, 171, 'credit1', '-5.00', '发布任务', '任务[27]-注册任务量发布成功，扣除5积分。', 1550422811),
(883, 171, 'credit2', '-50.50', '发布任务', '任务[27]-注册任务量发布成功，扣除50.5余额。', 1550422811),
(884, 171, 'credit1', '20.00', '签到', '签到成功，获得20积分。', 1550934425),
(885, 171, 'credit1', '3.00', '签到', '您已连续1天签到，额外获得3积分。', 1550934425),
(886, 171, 'credit1', '-1.00', '发布任务', '任务[28]-大师大师达大厦大厦大厦发布成功，扣除1积分。', 1550995787),
(887, 171, 'credit2', '-101.00', '发布任务', '任务[28]-大师大师达大厦大厦大厦发布成功，扣除101余额。', 1550995787),
(888, 171, 'credit1', '-1.00', '发布任务', '任务[29]-111-复制发布成功，扣除1积分。', 1551021121),
(889, 171, 'credit2', '-12.12', '发布任务', '任务[29]-111-复制发布成功，扣除12.12余额。', 1551021121),
(890, 171, 'credit1', '-1.00', '发布任务', '任务[30]-111-复制发布成功，扣除1积分。', 1551021122),
(891, 171, 'credit2', '-12.12', '发布任务', '任务[30]-111-复制发布成功，扣除12.12余额。', 1551021122),
(892, 171, 'credit1', '-1.00', '发布任务', '任务[31]-111-复制发布成功，扣除1积分。', 1551021125),
(893, 171, 'credit2', '-12.12', '发布任务', '任务[31]-111-复制发布成功，扣除12.12余额。', 1551021125),
(894, 171, 'credit1', '-1.00', '发布任务', '任务[32]-111-复制发布成功，扣除1积分。', 1551021126),
(895, 171, 'credit2', '-12.12', '发布任务', '任务[32]-111-复制发布成功，扣除12.12余额。', 1551021126),
(896, 171, 'credit1', '-2.00', '发布任务', '任务[33]-地方发布成功，扣除2积分。', 1551281314),
(897, 171, 'credit2', '-8.08', '发布任务', '任务[33]-地方发布成功，扣除8.08余额。', 1551281314),
(898, 171, 'credit1', '20.00', '签到', '签到成功，获得20积分。', 1551281707),
(899, 171, 'credit1', '3.00', '签到', '您已连续1天签到，额外获得3积分。', 1551281707),
(900, 171, 'credit2', '-5.50', '提现', '申请提现到账号：12345678，扣除5.5余额。', 1551358398),
(901, 171, 'credit2', '-11.00', '提现', '申请提现到账号：12345678，扣除11余额。', 1551429361),
(902, 171, 'credit2', '-11.00', '提现', '申请提现到账号：12345678，扣除11余额。', 1551429365),
(903, 171, 'credit2', '-11.00', '提现', '申请提现到账号：12345678，扣除11余额。', 1551429371),
(904, 171, 'credit2', '-11.00', '提现', '申请提现到账号：12345678，扣除11余额。', 1551429371),
(905, 157, 'credit2', '5.00', '审核任务', '任务[27]-注册任务量审核成功，奖励5.00元。', 1551451556),
(906, 157, 'credit1', '20.00', '签到', '签到成功，获得20积分。', 1551451640),
(907, 157, 'credit1', '3.00', '签到', '您已连续1天签到，额外获得3积分。', 1551451640),
(908, 157, 'credit2', '5.00', '审核任务', '任务[26]-注册任务量审核成功，奖励5.00元。', 1551451713),
(909, 157, 'credit2', '-5.50', '提现', '申请提现到账号：15916324177，扣除5.5余额。', 1551451744),
(910, 171, 'credit2', '-19.80', '提现', '申请提现到账号：12345678，扣除19.8余额。', 1551602227),
(911, 171, 'credit2', '-19.80', '提现', '申请提现到账号：12345678，扣除19.8余额。', 1551602227),
(912, 171, 'credit1', '20.00', '签到', '签到成功，获得20积分。', 1551614161),
(913, 171, 'credit1', '3.00', '签到', '您已连续1天签到，额外获得3积分。', 1551614161),
(914, 171, 'credit2', '-550.00', '提现', '申请提现到账号：12345678，扣除550余额。', 1551617011),
(915, 171, 'credit2', '-15.00', '置顶任务', '任务[29]-111-复制置顶成功，扣除15余额。', 1551621295),
(916, 171, 'credit1', '-5.00', '发布任务', '任务[34]-网络投票看看发布成功，扣除5积分。', 1551621911),
(917, 171, 'credit2', '-10.10', '发布任务', '任务[34]-网络投票看看发布成功，扣除10.1余额。', 1551621911),
(918, 171, 'credit2', '-9.00', '置顶任务', '任务[34]-网络投票看看置顶成功，扣除9余额。', 1551622339),
(919, 171, 'credit1', '-7.00', '发布任务', '任务[35]-相比那些发布成功，扣除7积分。', 1551623039),
(920, 171, 'credit2', '-5.05', '发布任务', '任务[35]-相比那些发布成功，扣除5.05余额。', 1551623039),
(921, 171, 'credit1', '-1.00', '发布任务', '任务[36]-微信推广发布成功，扣除1积分。', 1551757220),
(922, 171, 'credit2', '-10.10', '发布任务', '任务[36]-微信推广发布成功，扣除10.1余额。', 1551757220),
(923, 171, 'credit1', '-1.00', '发布任务', '任务[37]-微信推广发布成功，扣除1积分。', 1551757222),
(924, 171, 'credit2', '-10.10', '发布任务', '任务[37]-微信推广发布成功，扣除10.1余额。', 1551757222),
(925, 171, 'credit2', '-5.50', '提现', '申请提现到账号：12345678，扣除5.5余额。', 1551767661),
(926, 171, 'credit2', '-5.50', '提现', '申请提现到账号：12345678，扣除5.5余额。', 1551767666),
(927, 171, 'credit2', '-5.50', '提现', '申请提现到账号：12345678，扣除5.5余额。', 1551791156),
(928, 171, 'credit1', '-10.00', '发布任务', '任务[38]-八月份发布成功，扣除10积分。', 1551873037),
(929, 171, 'credit2', '-20.20', '发布任务', '任务[38]-八月份发布成功，扣除20.2余额。', 1551873037),
(930, 171, 'credit1', '-8.00', '发布任务', '任务[39]-测试发布成功，扣除8积分。', 1551934572),
(931, 171, 'credit2', '-16.16', '发布任务', '任务[39]-测试发布成功，扣除16.16余额。', 1551934572),
(932, 171, 'credit1', '-1.00', '发布任务', '任务[40]-9999999999999999999999999999999发布成功，扣除1积分。', 1552110875),
(933, 171, 'credit2', '-0.10', '发布任务', '任务[40]-9999999999999999999999999999999发布成功，扣除0.101余额。', 1552110875),
(934, 171, 'credit2', '0.10', '任务到期', '任务[40]-9999999999999999999999999999999到期处理，退回0.1元。', 1552115707),
(935, 171, 'credit2', '16.00', '任务到期', '任务[39]-测试到期处理，退回16元。', 1552115710),
(936, 171, 'credit2', '20.00', '任务到期', '任务[38]-八月份到期处理，退回20元。', 1552115712),
(937, 171, 'credit2', '10.00', '任务到期', '任务[34]-网络投票看看到期处理，退回10元。', 1552115717),
(938, 171, 'credit2', '12.00', '任务到期', '任务[32]-111-复制到期处理，退回12元。', 1552115720),
(939, 171, 'credit1', '-21.00', '发布任务', '任务[41]-微信扫二维码辅助发布成功，扣除21积分。', 1552115825),
(940, 171, 'credit2', '-0.10', '发布任务', '任务[41]-微信扫二维码辅助发布成功，扣除0.101余额。', 1552115825),
(941, 171, 'credit2', '0.10', '任务到期', '任务[41]-微信扫二维码辅助到期处理，退回0.1元。', 1552115834),
(942, 171, 'credit1', '-10.00', '发布任务', '任务[42]-推客网络 专用广告位发布成功，扣除10积分。', 1552135827),
(943, 171, 'credit2', '-20.20', '发布任务', '任务[42]-推客网络 专用广告位发布成功，扣除20.2余额。', 1552135827),
(944, 171, 'credit2', '-3.00', '置顶任务', '任务[42]-推客网络 专用广告位置顶成功，扣除3余额。', 1552135856),
(945, 123, 'credit1', '20.00', '签到', '签到成功，获得20积分。', 1552179300),
(946, 123, 'credit1', '3.00', '签到', '您已连续1天签到，额外获得3积分。', 1552179300),
(947, 171, 'credit2', '-11.00', '提现', '申请提现到账号：12345678，扣除11余额。', 1552224022),
(948, 171, 'credit2', '-11.00', '提现', '申请提现到账号：12345678，扣除11余额。', 1552224030),
(949, 171, 'credit2', '-11.00', '提现', '申请提现到账号：12345678，扣除11余额。', 1552224042),
(950, 171, 'credit1', '20.00', '签到', '签到成功，获得20积分。', 1552312489),
(951, 171, 'credit1', '3.00', '签到', '您已连续1天签到，额外获得3积分。', 1552312489),
(952, 123, 'credit1', '20.00', '签到', '签到成功，获得20积分。', 1552313360),
(953, 123, 'credit1', '6.00', '签到', '您已连续2天签到，额外获得6积分。', 1552313360),
(954, 171, 'credit1', '20.00', '签到', '签到成功，获得20积分。', 1552344153),
(955, 171, 'credit1', '6.00', '签到', '您已连续2天签到，额外获得6积分。', 1552344153),
(956, 171, 'credit1', '-4.00', '发布任务', '任务[43]-QQQQQQQQQQQQ发布成功，扣除4积分。', 1552445320),
(957, 171, 'credit2', '-0.18', '发布任务', '任务[43]-QQQQQQQQQQQQ发布成功，扣除0.1818余额。', 1552445320),
(958, 171, 'credit1', '20.00', '签到', '签到成功，获得20积分。', 1552467496),
(959, 171, 'credit1', '9.00', '签到', '您已连续3天签到，额外获得9积分。', 1552467496),
(960, 171, 'credit1', '-100.00', '活动抽奖', '使用积分抽奖，扣除100积分。', 1552467677),
(961, 171, 'credit2', '100.00', '后台会员充值', '管理员后台操作，充值100余额。', 1552568955),
(962, 171, 'credit2', '-101.20', '提现', '申请提现到账号：12345678，扣除101.2余额。', 1552569022),
(963, 171, 'credit2', '95.50', '后台会员充值', '管理员后台操作，充值95.5余额。', 1552569080),
(964, 171, 'credit2', '4.00', '后台会员充值', '管理员后台操作，充值4余额。', 1552569097),
(965, 171, 'credit2', '-99.00', '提现', '申请提现到账号：12345678，扣除99余额。', 1552569142),
(966, 171, 'credit2', '99.00', '后台会员充值', '管理员后台操作，充值99余额。', 1552569266),
(967, 171, 'credit2', '-91.20', '提现', '申请提现到账号：12345678，扣除91.2余额。', 1552569441),
(968, 123, 'credit1', '1.00', '审核任务', '任务[31]-111-复制审核成功，奖励1积分。', 1552584056),
(969, 123, 'credit2', '1.00', '审核任务', '任务[31]-111-复制审核成功，奖励1.00元。', 1552584056),
(970, 171, 'credit1', '-8.00', '发布任务', '任务[44]-哈哈哈哈回家发布成功，扣除8积分。', 1552715919),
(971, 171, 'credit2', '-1.01', '发布任务', '任务[44]-哈哈哈哈回家发布成功，扣除1.01余额。', 1552715919),
(972, 171, 'credit1', '20.00', '签到', '签到成功，获得20积分。', 1552896698),
(973, 171, 'credit1', '3.00', '签到', '您已连续1天签到，额外获得3积分。', 1552896698),
(974, 172, 'credit1', '20.00', '签到', '签到成功，获得20积分。', 1552974554),
(975, 172, 'credit1', '3.00', '签到', '您已连续1天签到，额外获得3积分。', 1552974554),
(976, 174, 'credit1', '20.00', '签到', '签到成功，获得20积分。', 1562197706),
(977, 174, 'credit1', '3.00', '签到', '您已连续1天签到，额外获得3积分。', 1562197706),
(978, 174, 'credit2', '1000.00', '后台会员充值', '管理员后台操作，充值1000余额。', 1562221677),
(979, 174, 'credit1', '-12.00', '发布任务', '任务[45]-简单关注公众号发布成功，扣除12积分。', 1562222120),
(980, 174, 'credit2', '-102.30', '发布任务', '任务[45]-简单关注公众号发布成功，扣除102.3余额。', 1562222120),
(981, 174, 'credit1', '-6.00', '发布任务', '任务[46]-简单刷脸认证，不绑卡发布成功，扣除6积分。', 1562245562),
(982, 174, 'credit2', '-129.80', '发布任务', '任务[46]-简单刷脸认证，不绑卡发布成功，扣除129.8余额。', 1562245562),
(983, 175, 'credit1', '12.00', '审核任务', '任务[45]-简单关注公众号审核成功，奖励12积分。', 1562290718),
(984, 175, 'credit2', '0.50', '审核任务', '任务[45]-简单关注公众号审核成功，奖励0.50元。', 1562290718),
(985, 175, 'credit1', '12.00', '审核任务', '任务[45]-简单关注公众号审核成功，奖励12积分。', 1562290733),
(986, 175, 'credit2', '0.50', '审核任务', '任务[45]-简单关注公众号审核成功，奖励0.50元。', 1562290733),
(987, 175, 'credit1', '12.00', '审核任务', '任务[45]-简单关注公众号审核成功，奖励12积分。', 1562290745),
(988, 175, 'credit2', '0.50', '审核任务', '任务[45]-简单关注公众号审核成功，奖励0.50元。', 1562290745),
(989, 175, 'credit1', '6.00', '审核任务', '任务[46]-简单刷脸认证，不绑卡审核成功，奖励6积分。', 1562291024),
(990, 175, 'credit2', '2.00', '审核任务', '任务[46]-简单刷脸认证，不绑卡审核成功，奖励2.00元。', 1562291024),
(991, 174, 'credit1', '20.00', '签到', '签到成功，获得20积分。', 1562295984),
(992, 174, 'credit1', '6.00', '签到', '您已连续2天签到，额外获得6积分。', 1562295984),
(993, 174, 'credit2', '-10.00', '置顶任务', '任务[46]-简单刷脸认证，不绑卡置顶成功，扣除10余额。', 1562297145),
(994, 174, 'credit2', '-5.50', '提现', '申请提现到账号：931725568@qq.com，扣除5.5余额。', 1562300322),
(995, 174, 'credit2', '-55.00', '提现', '申请提现到账号：46466556，扣除55余额。', 1562300564);

-- --------------------------------------------------------

--
-- 表的结构 `tb_feedback`
--

CREATE TABLE IF NOT EXISTS `tb_feedback` (
  `id` int(11) unsigned NOT NULL AUTO_INCREMENT COMMENT '反馈id',
  `uid` int(11) NOT NULL DEFAULT '0' COMMENT '用户id',
  `username` varchar(50) NOT NULL DEFAULT '' COMMENT '昵称',
  `content` varchar(500) NOT NULL DEFAULT '' COMMENT '反馈内容',
  `ip` varchar(20) NOT NULL DEFAULT '0' COMMENT 'ip地址',
  `ip_addr` varchar(200) NOT NULL DEFAULT '' COMMENT '地理位置',
  `parent_id` int(11) NOT NULL DEFAULT '0' COMMENT '上级id',
  `is_reply` tinyint(1) NOT NULL DEFAULT '0' COMMENT '是否回复',
  `son` int(11) NOT NULL DEFAULT '0' COMMENT '子反馈数',
  `create_time` int(11) unsigned NOT NULL DEFAULT '0',
  `update_time` int(11) unsigned NOT NULL DEFAULT '0',
  PRIMARY KEY (`id`),
  KEY `uid` (`uid`,`parent_id`),
  KEY `update_time` (`update_time`)
) ENGINE=MyISAM  DEFAULT CHARSET=utf8 COMMENT='反馈表' AUTO_INCREMENT=33 ;

--
-- 转存表中的数据 `tb_feedback`
--

INSERT INTO `tb_feedback` (`id`, `uid`, `username`, `content`, `ip`, `ip_addr`, `parent_id`, `is_reply`, `son`, `create_time`, `update_time`) VALUES
(27, 123, '123456', '555', '223.104.23.86', '', 0, 0, 0, 1534776016, 1534776016),
(26, 123, '123456', '66556', '223.104.23.86', '', 0, 1, 0, 1534771584, 1540968437),
(25, 123, '123456', '5555', '223.104.23.86', '', 0, 0, 0, 1534771543, 1534771543),
(28, 123, '123456', '44444444444444444444444', '150.255.12.129', '', 0, 0, 0, 1535896001, 1535896001),
(29, 123, '123456', '33333333333333333333', '150.255.12.129', '', 0, 0, 0, 1535896010, 1535896010),
(30, 0, '', '111', '175.10.180.168', '', 26, 0, 0, 1540968437, 1540968437),
(31, 172, '18631279127', 'tyyyyy', '221.192.179.79', '', 0, 1, 0, 1550998354, 1550998366),
(32, 0, '', '斤斤计较吧', '114.243.8.74', '', 31, 0, 0, 1550998366, 1550998366);

-- --------------------------------------------------------

--
-- 表的结构 `tb_follows`
--

CREATE TABLE IF NOT EXISTS `tb_follows` (
  `id` int(11) NOT NULL AUTO_INCREMENT,
  `uid` int(11) DEFAULT '0',
  `follow_uid` int(11) DEFAULT '0',
  `update_time` int(11) DEFAULT '0',
  `create_time` int(11) DEFAULT '0',
  PRIMARY KEY (`id`)
) ENGINE=MyISAM  DEFAULT CHARSET=utf8mb4 AUTO_INCREMENT=9 ;

--
-- 转存表中的数据 `tb_follows`
--

INSERT INTO `tb_follows` (`id`, `uid`, `follow_uid`, `update_time`, `create_time`) VALUES
(2, 123, 3, 1534752719, 1534752719),
(3, 3, 123, 1534938105, 1534938105),
(4, 143, 3, 1535113569, 1535113569),
(5, 148, 3, 1535964838, 1535964838),
(6, 165, 123, 1540916920, 1540916920),
(7, 171, 123, 1540972475, 1540972475),
(8, 171, 165, 1550325386, 1550325386);

-- --------------------------------------------------------

--
-- 表的结构 `tb_invitation_code`
--

CREATE TABLE IF NOT EXISTS `tb_invitation_code` (
  `id` int(11) NOT NULL AUTO_INCREMENT,
  PRIMARY KEY (`id`)
) ENGINE=InnoDB DEFAULT CHARSET=utf8mb4 ROW_FORMAT=DYNAMIC COMMENT='邀请码表' AUTO_INCREMENT=1 ;

-- --------------------------------------------------------

--
-- 表的结构 `tb_invitation_log`
--

CREATE TABLE IF NOT EXISTS `tb_invitation_log` (
  `id` int(10) unsigned NOT NULL AUTO_INCREMENT,
  `uid` int(10) unsigned NOT NULL DEFAULT '0' COMMENT '用户id',
  `username` varchar(50) NOT NULL DEFAULT '' COMMENT '用户名',
  `invite_uid` int(10) unsigned NOT NULL DEFAULT '0' COMMENT '邀请用户id',
  `invite_username` varchar(50) NOT NULL DEFAULT '' COMMENT '邀请用户名',
  `create_time` int(10) unsigned NOT NULL DEFAULT '0',
  `update_time` int(10) unsigned NOT NULL DEFAULT '0',
  PRIMARY KEY (`id`),
  KEY `uid` (`uid`),
  KEY `invite_uid` (`invite_uid`)
) ENGINE=InnoDB  DEFAULT CHARSET=utf8mb4 ROW_FORMAT=DYNAMIC COMMENT='邀请记录表' AUTO_INCREMENT=2 ;

--
-- 转存表中的数据 `tb_invitation_log`
--

INSERT INTO `tb_invitation_log` (`id`, `uid`, `username`, `invite_uid`, `invite_username`, `create_time`, `update_time`) VALUES
(1, 171, '18866699911', 172, '18631279127', 1550996159, 0);

-- --------------------------------------------------------

--
-- 表的结构 `tb_invitation_rebate_record`
--

CREATE TABLE IF NOT EXISTS `tb_invitation_rebate_record` (
  `id` int(10) unsigned NOT NULL AUTO_INCREMENT,
  `uid` int(10) unsigned NOT NULL DEFAULT '0',
  `num` decimal(10,2) unsigned NOT NULL DEFAULT '0.00' COMMENT '充值数量，负数代表减少',
  `task_id` int(10) unsigned NOT NULL DEFAULT '0' COMMENT '任务id',
  `remark` varchar(200) NOT NULL DEFAULT '',
  `create_time` int(10) unsigned NOT NULL DEFAULT '0',
  PRIMARY KEY (`id`),
  KEY `uid` (`uid`) USING BTREE
) ENGINE=InnoDB DEFAULT CHARSET=utf8 ROW_FORMAT=DYNAMIC AUTO_INCREMENT=1 ;

-- --------------------------------------------------------

--
-- 表的结构 `tb_lock`
--

CREATE TABLE IF NOT EXISTS `tb_lock` (
  `id` int(11) NOT NULL AUTO_INCREMENT,
  `name` varchar(20) DEFAULT NULL COMMENT '网站名称',
  `domain` varchar(255) DEFAULT NULL COMMENT '授权域名',
  `is_forever` tinyint(3) DEFAULT '0' COMMENT '1代表永久授权',
  `to_date` int(11) DEFAULT NULL COMMENT '到期时间戳',
  `update_time` int(11) DEFAULT NULL,
  `create_time` int(11) DEFAULT NULL,
  PRIMARY KEY (`id`) USING BTREE
) ENGINE=InnoDB  DEFAULT CHARSET=utf8mb4 ROW_FORMAT=DYNAMIC AUTO_INCREMENT=6 ;

--
-- 转存表中的数据 `tb_lock`
--

INSERT INTO `tb_lock` (`id`, `name`, `domain`, `is_forever`, `to_date`, `update_time`, `create_time`) VALUES
(2, '测试域名', 'tuiguang.com', 1, 1525151700, 1522850473, 1522646138),
(4, '萌手赚网', 'www.heimengw.cn', 1, 1522981620, NULL, 1522981699),
(5, '测试域名', 'localhost', 1, 1525151700, 1522850473, 1522646138);

-- --------------------------------------------------------

--
-- 表的结构 `tb_member`
--

CREATE TABLE IF NOT EXISTS `tb_member` (
  `uid` int(11) NOT NULL AUTO_INCREMENT,
  `username` varchar(20) DEFAULT NULL COMMENT '用户名',
  `gender` tinyint(3) DEFAULT '0',
  `parent_uid` int(11) DEFAULT '0' COMMENT '上级ID',
  `experience_value` decimal(10,2) DEFAULT '0.00' COMMENT '经验值',
  `level` int(11) DEFAULT '1' COMMENT '等级',
  `invitation_code` varchar(20) DEFAULT NULL COMMENT '邀请码/手机号',
  `oath_type` tinyint(3) DEFAULT '0' COMMENT '0默认，1微信，2QQ，3微博，4支付宝等',
  `openid` varchar(255) DEFAULT NULL COMMENT '第三方openid',
  `credit1` decimal(10,2) DEFAULT '0.00' COMMENT '积分',
  `credit2` decimal(10,2) DEFAULT '0.00' COMMENT '余额',
  `password` varchar(50) DEFAULT NULL COMMENT '密码',
  `salt` varchar(8) DEFAULT NULL COMMENT '盐',
  `avatar` varchar(255) DEFAULT NULL COMMENT '头像',
  `email` varchar(50) DEFAULT NULL COMMENT '邮箱',
  `is_bind_email` tinyint(3) DEFAULT '0' COMMENT '1已绑定',
  `alipay_account` varchar(50) DEFAULT NULL COMMENT '支付宝账号',
  `alipay_realname` varchar(50) DEFAULT NULL COMMENT '支付宝真实姓名',
  `is_bind_alipay` tinyint(1) DEFAULT '0' COMMENT '1已绑定支付宝',
  `mobile` varchar(20) DEFAULT NULL COMMENT '手机',
  `is_bind_mobile` tinyint(3) DEFAULT '0' COMMENT '1绑定手机',
  `channel_id` int(11) DEFAULT '0' COMMENT '渠道登记',
  `channel_name` varchar(50) DEFAULT NULL COMMENT '渠道名称',
  `channel_desc` varchar(500) DEFAULT NULL COMMENT '渠道描述',
  `is_bind_channel` tinyint(3) DEFAULT '0' COMMENT '1已登记渠道',
  `is_check` tinyint(3) DEFAULT '1' COMMENT '0禁用',
  `is_del` int(10) unsigned NOT NULL DEFAULT '0' COMMENT '删除标识',
  `invite_total` int(10) unsigned NOT NULL DEFAULT '0' COMMENT '邀请总人数',
  `invite_rebate` decimal(10,2) unsigned NOT NULL DEFAULT '0.00' COMMENT '邀请总返利收益',
  `sign` varchar(30) NOT NULL DEFAULT '' COMMENT '随机签名',
  `sign_continue` int(10) unsigned DEFAULT '0' COMMENT '连续签到天数',
  `update_time` int(11) DEFAULT '0',
  `create_time` int(11) DEFAULT '0',
  `img` varchar(100) CHARACTER SET utf8 NOT NULL,
  PRIMARY KEY (`uid`)
) ENGINE=InnoDB  DEFAULT CHARSET=utf8mb4 ROW_FORMAT=DYNAMIC COMMENT='会员表' AUTO_INCREMENT=176 ;

--
-- 转存表中的数据 `tb_member`
--

INSERT INTO `tb_member` (`uid`, `username`, `gender`, `parent_uid`, `experience_value`, `level`, `invitation_code`, `oath_type`, `openid`, `credit1`, `credit2`, `password`, `salt`, `avatar`, `email`, `is_bind_email`, `alipay_account`, `alipay_realname`, `is_bind_alipay`, `mobile`, `is_bind_mobile`, `channel_id`, `channel_name`, `channel_desc`, `is_bind_channel`, `is_check`, `is_del`, `invite_total`, `invite_rebate`, `sign`, `sign_continue`, `update_time`, `create_time`, `img`) VALUES
(1, '15237102297', 0, 0, '0.00', 1, NULL, 0, NULL, '10000005.00', '9999911.00', '2b3da71dcfbfec24affb08eab7ca914d', 'z7vpVPHV', '20180208/f7990395517cb405c6371ab87b1cc58d.jpg', NULL, 0, NULL, NULL, 0, NULL, 0, 0, NULL, NULL, 0, 1, 1, 0, '0.00', '', 0, 1525347770, 1516882801, ''),
(2, '000000', 0, 0, '0.00', 1, NULL, 0, NULL, '0.00', '53.00', 'e094f25656723d1c59c65bc43924e0d4', 'O0hi0ytH', NULL, NULL, 0, NULL, NULL, 0, NULL, 0, 0, NULL, NULL, 0, 1, 1, 0, '0.00', '', 0, 1526252091, 1516883388, ''),
(3, '1460293896', 0, 0, '0.00', 1, NULL, 0, NULL, '389710.00', '258.36', '8ae857a495879d92d85a0ea4303ce7dd', 'wXXOxQ4w', '20180831/b96673eb947e055600689d48023f78ff.jpg', '1055133613@qq.com', 1, '1000@qq', 'liganxi', 1, '18789097320', 1, 1, '网站', '萌手赚网', 1, 1, 1, 4, '2.90', 'E1A716cCaBaObyI6', 1, 1562160422, 1518087735, ''),
(4, '105513313', 0, 0, '0.00', 1, NULL, 0, NULL, '0.00', '0.00', 'aa8965b607d8856f6ea6a4dfacccd2d3', 'X02AEne9', NULL, NULL, 0, NULL, NULL, 0, NULL, 0, 0, NULL, NULL, 0, 1, 1, 0, '0.00', '', 0, 1526252108, 1518089287, ''),
(5, '1055133613', 0, 0, '0.00', 1, NULL, 0, NULL, '40021.00', '400.00', '7c32e8c80554edc37fbcbd28202ed393', 'xn0nAcG0', '20180215/2cb401cd5b51f0b615cb93dcf0275b14.png', NULL, 0, NULL, NULL, 0, NULL, 0, 0, NULL, NULL, 0, 1, 1, 0, '0.00', '', 0, 1526252108, 1518089343, ''),
(6, '1460293895', 0, 0, '0.00', 1, NULL, 0, NULL, '200.00', '1001.00', '', 'Pb1l8L1L', '', NULL, 0, NULL, NULL, 0, NULL, 0, 0, NULL, NULL, 0, 0, 1, 0, '0.00', '', 0, 1526252108, 1518091137, ''),
(7, 'wangdaye', 0, 0, '0.00', 1, NULL, 0, NULL, '100.00', '0.00', '1b0a1c6285a9595ca0157c571845bcb0', 'zUs35sN5', NULL, NULL, 0, NULL, NULL, 0, NULL, 0, 0, NULL, NULL, 0, 1, 1, 0, '0.00', '', 0, 1526252108, 1518314493, ''),
(8, 'shabi123', 0, 0, '0.00', 1, NULL, 0, NULL, '100.00', '0.00', '736703bf6c3f6140a033bff2fffa8bf8', 'Pw05uzwW', NULL, NULL, 0, NULL, NULL, 0, NULL, 0, 0, NULL, NULL, 0, 1, 1, 0, '0.00', '', 0, 1526252108, 1518325520, ''),
(9, 'lml159', 0, 0, '0.00', 1, NULL, 0, NULL, '0.00', '0.00', '9499a6f5b9b724dff4a49bc24e81418b', 'awOwWUkW', NULL, NULL, 0, NULL, NULL, 0, NULL, 0, 0, NULL, NULL, 0, 1, 1, 0, '0.00', '', 0, 1526252108, 1518333227, ''),
(10, 'asdqwe', 0, 0, '0.00', 1, NULL, 0, NULL, '10000.00', '0.00', '97f0f98bb2e2d37599bae3e4f340e109', 'OJCyiCL1', NULL, NULL, 0, NULL, NULL, 0, NULL, 0, 0, NULL, NULL, 0, 1, 1, 0, '0.00', '', 0, 1526252108, 1519350110, ''),
(11, 'smclsmcl', 0, 0, '0.00', 1, NULL, 0, NULL, '0.00', '0.00', '5633fa45e116d3d26bed62f31201c99f', 'pA8zvDZb', NULL, NULL, 0, NULL, NULL, 0, NULL, 0, 0, NULL, NULL, 0, 1, 1, 0, '0.00', '', 0, 1526252108, 1519570402, ''),
(12, 'b2305010417', 0, 0, '0.00', 1, NULL, 0, NULL, '10000.00', '0.00', '9d0cdbb2d958418acff3b1b3e09c016d', 'QRz7Gu8k', NULL, NULL, 0, NULL, NULL, 0, NULL, 0, 0, NULL, NULL, 0, 1, 1, 0, '0.00', '', 0, 1526252108, 1520279002, ''),
(13, 'naibuhuo', 0, 0, '0.00', 1, NULL, 0, NULL, '0.00', '0.00', 'cdc243059f9c617d87816a6d50e236b7', 'bH0vP8Uu', NULL, NULL, 0, NULL, NULL, 0, NULL, 0, 0, NULL, NULL, 0, 1, 1, 0, '0.00', '', 0, 1526252108, 1520498745, ''),
(14, 'xhr22365544', 0, 0, '0.00', 1, NULL, 0, NULL, '0.00', '0.00', '6ad90bc9d5af43190c29d2aa644eefac', 'kg70ST7L', NULL, NULL, 0, NULL, NULL, 0, NULL, 0, 0, NULL, NULL, 0, 1, 1, 0, '0.00', '', 0, 1526252108, 1520987241, ''),
(15, 'a14562837', 0, 0, '0.00', 1, NULL, 0, NULL, '0.00', '0.00', '296cb257b4dddf83a584d990d1644363', 'MEC2gZDD', NULL, NULL, 0, NULL, NULL, 0, NULL, 0, 0, NULL, NULL, 0, 1, 1, 0, '0.00', '', 0, 1526252080, 1520998489, ''),
(16, 'chen54875763', 0, 0, '0.00', 1, NULL, 0, NULL, '10.00', '600.00', '127269379f027fe41a8e24e043db6e96', 'LQGjgZPD', NULL, NULL, 0, NULL, NULL, 0, '18002936024', 1, 0, NULL, NULL, 0, 1, 1, 0, '0.00', '', 0, 1526252080, 1521141498, ''),
(17, 'test', 0, 0, '0.00', 1, NULL, 0, NULL, '10.00', '0.00', '32ac80807f38991ebca110e76e2c68cc', 'ahgZgn8e', NULL, NULL, 0, NULL, NULL, 0, NULL, 0, 0, NULL, NULL, 0, 1, 1, 0, '0.00', '', 0, 1526252080, 1521382416, ''),
(18, 'qq112233', 0, 0, '0.00', 1, NULL, 0, NULL, '0.00', '1.00', '14381576e7ad1f8f34170e1c2840457a', 'DePAEzp8', NULL, NULL, 0, NULL, NULL, 0, NULL, 0, 0, NULL, NULL, 0, 1, 1, 0, '0.00', '', 0, 1526252080, 1521491240, ''),
(19, 'rande', 0, 0, '0.00', 1, NULL, 0, NULL, '0.00', '0.00', '705d892d1ac2a98d850c8c72fd6b5e3e', 'ZHL88Q88', NULL, NULL, 0, NULL, NULL, 0, NULL, 0, 0, NULL, NULL, 0, 1, 1, 0, '0.00', '', 0, 1526252080, 1522043632, ''),
(20, 'rzhome', 0, 0, '0.00', 1, NULL, 0, NULL, '1442.00', '2000.79', '8eae7fd62e0b5b2b65ed533986960d98', 'IZvDVW5Z', NULL, NULL, 0, NULL, NULL, 0, NULL, 0, 0, NULL, NULL, 0, 1, 1, 0, '0.00', '', 0, 1530070130, 1523956803, ''),
(21, 'qwe123', 0, 0, '0.00', 1, NULL, 0, NULL, '10.00', '0.00', 'e5e7f6953cd039847247f353b5a5af6a', 'U04fxQfw', NULL, NULL, 0, NULL, NULL, 0, NULL, 0, 0, NULL, NULL, 0, 1, 1, 0, '0.00', '', 0, 1526252080, 1522317369, ''),
(22, 'come boy', 0, 0, '0.00', 1, NULL, 0, NULL, '0.00', '0.00', 'c694d581a5b60a73bfac5cf591875791', 'UP8lEar9', NULL, NULL, 0, NULL, NULL, 0, NULL, 0, 0, NULL, NULL, 0, 1, 1, 0, '0.00', '', 0, 1526252080, 1522335028, ''),
(23, 'look', 0, 0, '0.00', 1, NULL, 0, NULL, '10.00', '0.00', '172606856475bce4ec951394241b0bd8', 'c5Q90kQw', NULL, NULL, 0, NULL, NULL, 0, NULL, 0, 0, NULL, NULL, 0, 1, 1, 0, '0.00', '', 0, 1526252080, 1522335156, ''),
(24, '1111111', 0, 0, '0.00', 1, NULL, 0, NULL, '1020.00', '1010.64', 'a2acc99d193c9bab5221f7dc8295e37f', 'J6B061B8', NULL, NULL, 0, '2', '2', 1, NULL, 0, 0, NULL, NULL, 0, 1, 1, 0, '0.00', '', 0, 1526252080, 1522430012, ''),
(25, 'a156988a', 0, 0, '0.00', 1, NULL, 0, NULL, '0.00', '0.00', '77706535b244e6b816035dfe6a5ae341', 'dr8wp4ER', NULL, NULL, 0, NULL, NULL, 0, NULL, 0, 0, NULL, NULL, 0, 1, 1, 0, '0.00', '', 0, 1526252080, 1522500141, ''),
(26, 'aaasd111', 0, 0, '0.00', 1, NULL, 0, NULL, '0.00', '0.00', '533118bb26bff325751a595db6e6d48c', 'OpYFQF66', NULL, NULL, 0, NULL, NULL, 0, NULL, 0, 0, NULL, NULL, 0, 1, 1, 0, '0.00', '', 0, 1526252080, 1522660654, ''),
(27, 'wwww', 0, 0, '0.00', 1, NULL, 0, NULL, '10.00', '100.00', 'dbab17d315b554fb7a0b03f717aa3f20', 'u3o79xt9', NULL, NULL, 0, NULL, NULL, 0, NULL, 0, 0, NULL, NULL, 0, 1, 1, 0, '0.00', '', 0, 1526252080, 1522812029, ''),
(28, '11111', 0, 0, '0.00', 1, NULL, 0, NULL, '0.00', '0.00', '7020b9a2190ed39a0a19c8eee60310e6', 'BY2e1Bpm', NULL, NULL, 0, NULL, NULL, 0, NULL, 0, 0, NULL, NULL, 0, 1, 1, 0, '0.00', '', 0, 1526252080, 1524488863, ''),
(29, '123456789', 0, 0, '0.00', 1, NULL, 0, NULL, '100.00', '0.50', 'd963b8d692ddc0fd189b7d7f7b7b6f25', 'OqjNoFU8', NULL, NULL, 0, NULL, NULL, 0, NULL, 0, 0, NULL, NULL, 0, 1, 1, 0, '0.00', '', 0, 1526252080, 1524488989, ''),
(30, 'china5188', 0, 0, '0.00', 1, NULL, 0, NULL, '0.00', '0.00', 'b4e86ad5dd161d3f856dd43b57f235d2', 'R9AI6P29', NULL, NULL, 0, NULL, NULL, 0, NULL, 0, 0, NULL, NULL, 0, 1, 1, 0, '0.00', '', 0, 1526252069, 1524515161, ''),
(31, '猫哥', 0, 0, '0.00', 1, NULL, 0, NULL, '0.00', '100.00', '9b0581de0da4dd7c36894830efa3b27c', 'vRNG21SP', NULL, NULL, 0, NULL, NULL, 0, NULL, 0, 0, NULL, NULL, 0, 1, 1, 0, '0.00', '', 0, 1526252069, 1524829803, ''),
(32, 'qq308999232', 0, 0, '0.00', 1, NULL, 0, NULL, '0.00', '0.00', 'd3d0d215cb70721ca763de09f83ed339', 'wQ2sq8J0', NULL, NULL, 0, NULL, NULL, 0, NULL, 0, 0, NULL, NULL, 0, 1, 1, 0, '0.00', '', 0, 1526252069, 1524907188, ''),
(33, 'qwertyjiop', 0, 0, '0.00', 1, NULL, 0, NULL, '0.00', '0.00', '56c09d2aabf7fb9405f6d3492281f4b1', 'dCaDDd89', NULL, NULL, 0, NULL, NULL, 0, NULL, 0, 0, NULL, NULL, 0, 1, 1, 0, '0.00', '', 0, 1526252069, 1524930523, ''),
(34, 'qwert', 0, 0, '0.00', 1, NULL, 0, NULL, '0.00', '0.00', 'c88d71e5144ab5585426af3634d96429', 'o8wg84Kk', NULL, NULL, 0, NULL, NULL, 0, NULL, 0, 0, NULL, NULL, 0, 1, 1, 0, '0.00', '', 0, 1526252069, 1524930676, ''),
(35, '1261012806', 0, 0, '0.00', 1, NULL, 0, NULL, '0.00', '0.00', '', 'g773188A', '', NULL, 0, NULL, NULL, 0, NULL, 0, 0, NULL, NULL, 0, 1, 1, 0, '0.00', '', 0, 1526252069, 1525217224, ''),
(36, '171591', 0, 0, '0.00', 1, NULL, 0, NULL, '0.00', '0.00', '52421626d880a078d88f7c8475dcc835', 'Pr03giim', NULL, NULL, 0, NULL, NULL, 0, NULL, 0, 0, NULL, NULL, 0, 1, 1, 0, '0.00', '', 0, 1526252069, 1525239902, ''),
(37, '爱58', 0, 0, '0.00', 1, NULL, 0, NULL, '0.00', '0.00', '202b860d2665f97ba27a55ec90b79730', 'wHnj0203', NULL, NULL, 0, NULL, NULL, 0, NULL, 0, 0, NULL, NULL, 0, 1, 1, 0, '0.00', '', 0, 1526252069, 1525239930, ''),
(38, '1971167379', 0, 0, '0.00', 1, NULL, 0, NULL, '11.00', '1091.00', 'ecb6b6617349449aecadef5526aba212', 'CMF2K37d', NULL, NULL, 0, NULL, NULL, 0, NULL, 0, 0, NULL, NULL, 0, 1, 1, 0, '0.00', '', 0, 1526252069, 1525248348, ''),
(39, '柒号淘金', 0, 0, '0.00', 1, NULL, 0, NULL, '10.00', '0.00', '9075d62ab88b42608c4e9ea34870ec7b', 'mY4x99zy', NULL, NULL, 0, NULL, NULL, 0, NULL, 0, 0, NULL, NULL, 0, 1, 1, 0, '0.00', '', 0, 1526252069, 1525312259, ''),
(40, 'ceshi', 0, 0, '0.00', 1, NULL, 0, NULL, '990.00', '951.10', '73864f4e30fe25206c0454f0d5318585', 'eQ15I6bO', '', NULL, 0, NULL, NULL, 0, NULL, 0, 0, NULL, NULL, 0, 1, 1, 0, '0.00', '', 0, 1526252069, 1525314408, ''),
(41, 'fantuan880', 0, 0, '0.00', 1, NULL, 0, NULL, '25.00', '75.00', '8a21ac14441719b80ac6e0335b9c0fa5', 'Vx21mImy', NULL, NULL, 0, NULL, NULL, 0, NULL, 0, 0, NULL, NULL, 0, 1, 1, 0, '0.00', '', 0, 1526252069, 1525350410, ''),
(42, 'kaixin990', 0, 0, '0.00', 1, NULL, 0, NULL, '0.00', '0.00', '12135919e80a794be581b67327f06542', 'MxWNWxst', NULL, NULL, 0, NULL, NULL, 0, NULL, 0, 0, NULL, NULL, 0, 1, 1, 0, '0.00', '', 0, 1526252069, 1525354750, ''),
(43, 'liganxi', 0, 3, '0.00', 1, NULL, 0, NULL, '508.00', '26.00', '4493c2845b7735ac270e9da8f03d1f99', 'osPmm000', NULL, NULL, 0, NULL, NULL, 0, NULL, 0, 0, NULL, NULL, 0, 1, 1, 0, '0.00', '', 0, 1526252069, 1525432097, ''),
(44, '1111111111', 0, 0, '0.00', 1, NULL, 0, NULL, '10.00', '0.00', '4e711e8ffc9be707abced1a45fde0f1e', 'gO0hC5p3', NULL, NULL, 0, NULL, NULL, 0, NULL, 0, 0, NULL, NULL, 0, 1, 1, 0, '0.00', '', 0, 1526252069, 1525461495, ''),
(45, 'yu6862854', 0, 0, '0.00', 1, NULL, 0, NULL, '0.00', '10.00', 'c9b728c71a66d6ca7a95c165979b1c92', 'S5i2zwY5', NULL, NULL, 0, NULL, NULL, 0, NULL, 0, 0, NULL, NULL, 0, 1, 1, 0, '0.00', '', 0, 1526252058, 1525516566, ''),
(46, '187139', 0, 0, '0.00', 1, NULL, 0, NULL, '0.00', '0.00', '91fb61c34b229eda3fe260a6a2628938', 'Pu0MoK0s', NULL, NULL, 0, NULL, NULL, 0, NULL, 0, 0, NULL, NULL, 0, 1, 1, 0, '0.00', '', 0, 1526252058, 1525530928, ''),
(47, '乐手赚网', 0, 0, '0.00', 1, NULL, 0, NULL, '0.00', '1000.00', '8f6f137b7f9688766ca742add0dfbe8e', 'MNkQZu5A', NULL, NULL, 0, NULL, NULL, 0, NULL, 0, 0, NULL, NULL, 0, 1, 1, 0, '0.00', '', 0, 1526252058, 1525694573, ''),
(48, 'a63722010', 0, 0, '0.00', 1, NULL, 0, NULL, '0.00', '0.00', '3d753f40753b4b40f7e7ff26a2a78bb3', 'p6Cr2v2C', NULL, NULL, 0, NULL, NULL, 0, NULL, 0, 0, NULL, NULL, 0, 1, 1, 0, '0.00', '', 0, 1526252058, 1525711599, ''),
(49, '新手赚网', 0, 0, '0.00', 1, NULL, 0, NULL, '1000.00', '1000.00', 'baca8907c2f738cbd58b4388fdda49fe', 'a7p1pp81', NULL, NULL, 0, NULL, NULL, 0, NULL, 0, 0, NULL, NULL, 0, 1, 1, 0, '0.00', '', 0, 1526252058, 1525779454, ''),
(50, 'w10527', 0, 0, '0.00', 1, NULL, 0, NULL, '1000.00', '1000.00', '090da827302afea6bf2ba65530ff4eb9', 'xns7Ini0', NULL, NULL, 0, NULL, NULL, 0, NULL, 0, 0, NULL, NULL, 0, 1, 1, 0, '0.00', '', 0, 1526252058, 1525792166, ''),
(51, '178手赚网', 0, 0, '0.00', 1, NULL, 0, NULL, '0.00', '0.00', 'a2e7d98c3d00e67dd4919aeaf9f34c0b', 'xXtf5adf', '20180508/cfd06972da5e5bbea44b27bc5221c9c5.jpg', NULL, 0, NULL, NULL, 0, NULL, 0, 0, NULL, NULL, 0, 1, 1, 0, '0.00', '', 0, 1526252058, 1525793656, ''),
(52, '略略略略', 0, 0, '0.00', 1, NULL, 0, NULL, '1000.00', '0.00', '7591e9f53dec890dfde2f1e970cc67ab', 'enjdSJyO', NULL, NULL, 0, NULL, NULL, 0, NULL, 0, 0, NULL, NULL, 0, 1, 1, 0, '0.00', '', 0, 1526252058, 1525794152, ''),
(53, '147896325', 0, 0, '0.00', 1, NULL, 0, NULL, '1000.00', '0.00', '5c95b5cad4bd21e5aaa57485a8fc3cab', 'jlnbnj0i', NULL, NULL, 0, NULL, NULL, 0, NULL, 0, 0, NULL, NULL, 0, 1, 1, 0, '0.00', '', 0, 1526252058, 1525794318, ''),
(54, '盗听图说', 0, 0, '0.00', 1, NULL, 0, NULL, '2000.00', '1000.00', 'dc5deb4f7b697cfafb83a7c81b6a8129', 'a7F5y59N', NULL, NULL, 0, NULL, NULL, 0, NULL, 0, 0, NULL, NULL, 0, 1, 1, 0, '0.00', '', 0, 1526252058, 1525794395, ''),
(55, 'admin', 0, 0, '0.00', 1, NULL, 0, NULL, '1000.00', '20.00', '4f2fccc2bf96696ab7ba5f032e03127e', 'ZgAy9194', NULL, NULL, 0, NULL, NULL, 0, NULL, 0, 0, NULL, NULL, 0, 1, 1, 0, '0.00', '', 0, 1526252058, 1525794921, ''),
(56, '我也是醉了', 0, 0, '0.00', 1, NULL, 0, NULL, '1000.00', '1000.00', '94ce47659037c0f4bc1c60287e387a44', 'wxZ161z1', NULL, NULL, 0, NULL, NULL, 0, NULL, 0, 0, NULL, NULL, 0, 1, 1, 0, '0.00', '', 0, 1526252058, 1525795960, ''),
(57, 'zgs666', 0, 0, '0.00', 1, NULL, 0, NULL, '0.00', '0.00', '68f4ce468eb1ddf75b502edbf5249324', 'wTBE69Ex', NULL, '253250888@qq.com', 0, NULL, NULL, 0, NULL, 0, 0, NULL, NULL, 0, 1, 1, 0, '0.00', '', 0, 1526252058, 1525833245, ''),
(58, 'sswmqt', 0, 0, '0.00', 1, NULL, 0, NULL, '1000.00', '0.00', '50d238e5e6157e46c72c173dec231227', 'YhEKuhH8', NULL, 'sswmqt@163.com', 0, NULL, NULL, 0, NULL, 0, 0, NULL, NULL, 0, 1, 1, 0, '0.00', '', 0, 1526252058, 1525840221, ''),
(59, 'qiezi0301', 0, 0, '0.00', 1, NULL, 0, NULL, '0.00', '0.00', '24ce19dbb79622418cc08c982743150f', 'N557Eygx', NULL, 'qiezi0301@163.com', 0, NULL, NULL, 0, NULL, 0, 0, NULL, NULL, 0, 1, 1, 0, '0.00', '', 0, 1526252058, 1525856548, ''),
(60, '小消息g', 0, 0, '0.00', 1, NULL, 0, NULL, '1592.00', '97.20', 'b99bb8388cb475b858bebf68c21bf293', 'z8vyJlgx', NULL, '293333@qq.com', 0, NULL, NULL, 0, NULL, 0, 4, 'QQ', '447', 1, 1, 1, 0, '0.00', '', 0, 1526252039, 1525954330, ''),
(61, '刘广祥我爱你', 0, 0, '0.00', 1, NULL, 0, NULL, '0.00', '0.00', '970083a58bac4bff36617d05bf02ff9c', 'rglj0u0l', NULL, '2537729352@qq.com', 0, NULL, NULL, 0, NULL, 0, 0, NULL, NULL, 0, 1, 1, 0, '0.00', '', 0, 1526252039, 1525954790, ''),
(62, '青山如是', 0, 0, '0.00', 1, NULL, 0, NULL, '1000.00', '0.00', 'd5e1ea8485bc9e2015a4ca75e3839cca', 'nSIs16AZ', NULL, '1763572488@qq.com', 0, NULL, NULL, 0, NULL, 0, 0, NULL, NULL, 0, 1, 1, 0, '0.00', '', 0, 1526252039, 1525955308, ''),
(63, '你去SOHO', 0, 0, '0.00', 1, NULL, 0, NULL, '0.00', '0.00', 'c8e0fbfdf5384385d5618a53636c940b', 'T26W9i7v', NULL, '2508267087@qq.com', 0, NULL, NULL, 0, NULL, 0, 0, NULL, NULL, 0, 1, 1, 0, '0.00', '', 0, 1526252039, 1525955595, ''),
(64, '沦陷1114', 0, 0, '0.00', 1, NULL, 0, NULL, '860.00', '10.00', 'ab6dd34a6c9ffa3a16061a062db39570', 'rmi4U4qV', NULL, '2508267087@qq.com', 0, NULL, NULL, 0, NULL, 0, 0, NULL, NULL, 0, 1, 1, 0, '0.00', '', 0, 1526252039, 1525955695, ''),
(65, 'hujiao', 0, 0, '0.00', 1, NULL, 0, NULL, '0.00', '0.00', '93edaa19cda41f984b5de6be485438dd', 'OtxYXZRT', NULL, '1146527327@qq.com', 0, NULL, NULL, 0, NULL, 0, 0, NULL, NULL, 0, 1, 1, 0, '0.00', '', 0, 1526252039, 1525956568, ''),
(66, '收购婆娘', 0, 0, '0.00', 1, NULL, 0, NULL, '9.00', '9.00', '1e98db9c0a2365a5630d1cca1fa6a265', 'Kf6xdj4f', '20180510/ea9e5808d4a03966971f4b3390d34051.jpg', '2064908790@qq.com', 0, '13438592271', '熊小江', 1, '13060159063', 1, 0, NULL, NULL, 0, 1, 1, 0, '0.00', '', 0, 1526252039, 1525959181, ''),
(67, 'ai7758521', 0, 0, '0.00', 1, NULL, 0, NULL, '0.00', '0.00', 'e1a91bdb63337707edaea60cbcdeeb0a', 'vw6cWj6K', NULL, '751862971@qq.com', 0, NULL, NULL, 0, NULL, 0, 0, NULL, NULL, 0, 1, 1, 0, '0.00', '', 0, 1526252039, 1525959366, ''),
(68, '1543235932', 0, 0, '0.00', 1, NULL, 0, NULL, '1009.00', '208.00', '849dca4a0d5c566408043253cced1c30', 'oGh99G73', '', '1543235932@qq.com', 0, '15287810926', '曾继溶', 1, NULL, 0, 0, NULL, NULL, 0, 1, 1, 0, '0.00', '', 0, 1526252039, 1525959977, ''),
(69, '那个男孩子', 0, 0, '0.00', 1, NULL, 0, NULL, '0.00', '0.00', 'dfd4b33c37de5071a735bf3047ec7f3f', 'tHH2Tr2A', NULL, '1206726125@qq.com', 0, NULL, NULL, 0, NULL, 0, 0, NULL, NULL, 0, 1, 1, 0, '0.00', '', 0, 1526252039, 1525966886, ''),
(70, '1111111111@', 0, 0, '0.00', 1, NULL, 0, NULL, '0.00', '0.00', '6f689e59b4f63d0eb489b96ef97f8964', 'YOtAA4Ff', '', '1056480823@qq.com', 0, NULL, NULL, 0, NULL, 0, 0, NULL, NULL, 0, 1, 1, 0, '0.00', '', 0, 1526252039, 1525980667, ''),
(71, '1821717401', 0, 0, '0.00', 1, NULL, 0, NULL, '1010.00', '10.00', '47deddc22da2c02aaea7f190cd147ba7', 'f0L3QO1D', '20180511/18f4ff3af6ec0c79fa51c4b1ca9b4db9.jpeg', '1821717401@qq.com', 0, NULL, NULL, 0, NULL, 0, 0, NULL, NULL, 0, 1, 1, 0, '0.00', '', 0, 1526252039, 1525991671, ''),
(72, 'qwer', 0, 0, '0.00', 1, NULL, 0, NULL, '0.00', '0.00', 'c9c5fda53fef30b900bcc69765e98cd0', 'PnVbEVdL', NULL, '1435564535@qq.com', 0, NULL, NULL, 0, NULL, 0, 0, NULL, NULL, 0, 1, 1, 0, '0.00', '', 0, 1526252039, 1526014636, ''),
(73, '358977176', 0, 0, '0.00', 1, NULL, 0, NULL, '0.00', '0.00', 'e0e06a1a94bd5366ee528c634f86c64a', 'sQn5M4zR', NULL, '358977176@qq.com', 0, NULL, NULL, 0, NULL, 0, 0, NULL, NULL, 0, 1, 1, 0, '0.00', '', 0, 1526252039, 1526016697, ''),
(74, '十七那年', 0, 0, '0.00', 1, NULL, 0, NULL, '1000.00', '0.00', '', 'insRGOGw', '', '3084175509@qq.com', 0, NULL, NULL, 0, NULL, 0, 0, NULL, NULL, 0, 0, 1, 0, '0.00', '', 0, 1526252039, 1526119680, ''),
(75, '105133613', 0, 3, '0.00', 1, NULL, 0, NULL, '0.00', '1.00', '46da5baf21b2ed835abbcd0d6f660d11', 'DKO3K8K9', NULL, '1055133613@qq.com', 0, NULL, NULL, 0, NULL, 0, 0, NULL, NULL, 0, 1, 1, 0, '0.00', '', 0, 1526259306, 1526259227, ''),
(76, '987654321', 0, 3, '0.00', 1, NULL, 0, NULL, '9.00', '26.10', '31c51b673c38baf44a858c89f64ca55c', 'IQoCIXFO', '', '1055133613@qq.com', 0, NULL, NULL, 0, NULL, 0, 0, NULL, NULL, 0, 1, 1, 1, '0.10', '', 0, 1530070130, 1526259413, ''),
(77, 'ceshi666', 0, 76, '0.00', 1, NULL, 0, NULL, '12.00', '1009.77', 'ca63b153453cf61fc8766a5375b01031', 'pfLcP2B6', NULL, 'ceshi@123.com', 0, NULL, NULL, 0, NULL, 0, 0, NULL, NULL, 0, 1, 1, 0, '0.00', '', 0, 1530070130, 1526262848, ''),
(78, 'pit1716618241', 0, 3, '0.00', 1, NULL, 0, NULL, '0.00', '0.00', '1ce386089f23a9090c825a5b631cd523', 'bwCY1Wl8', NULL, '1716618241@qq.com', 0, NULL, NULL, 0, NULL, 0, 0, NULL, NULL, 0, 1, 1, 0, '0.00', '', 0, 1530070130, 1526272713, ''),
(79, 'fumeng', 0, 0, '0.00', 1, NULL, 0, NULL, '40.00', '100.00', 'e163a7911aee576a84bef0a2bc611d33', 'fdR0zkbZ', NULL, '771889756@qq.com', 0, NULL, NULL, 0, NULL, 0, 0, NULL, NULL, 0, 1, 1, 0, '0.00', '', 0, 1530070130, 1527859041, ''),
(80, 'liuliu', 0, 0, '0.00', 1, NULL, 0, NULL, '20.00', '0.00', 'e5dcb44783ad660cb6b2c1c6a9df0859', 'YIO9xoBL', NULL, '12312132132@qq.com', 0, NULL, NULL, 0, NULL, 0, 0, NULL, NULL, 0, 1, 1, 0, '0.00', '', 0, 1530070130, 1527923898, ''),
(81, 'zcx123', 0, 0, '0.00', 1, NULL, 0, NULL, '20.00', '0.00', 'e431652c45c9232064bd41f9d1576007', 'uMB3i1iv', NULL, '767010520@qq.com', 0, NULL, NULL, 0, NULL, 0, 0, NULL, NULL, 0, 1, 1, 0, '0.00', '', 0, 1530070130, 1528019126, ''),
(82, '524313', 0, 0, '0.00', 1, NULL, 0, NULL, '0.00', '0.00', '93cd0cd58d0607efb0c35b9fae6a4a1a', 'OWMMHch3', NULL, '76517103@qq.com', 0, NULL, NULL, 0, NULL, 0, 0, NULL, NULL, 0, 1, 1, 0, '0.00', '', 0, 1530070130, 1528075176, ''),
(83, 'long0081', 0, 0, '0.00', 1, NULL, 0, NULL, '15.00', '191.60', 'f44720ca79a0cd367f1963bca8d87646', 'uvw22V12', NULL, '76517103@qq.com', 0, NULL, NULL, 0, NULL, 0, 0, NULL, NULL, 0, 1, 1, 0, '0.00', '', 0, 1530070161, 1528102870, ''),
(84, 'ykz666', 0, 0, '0.00', 1, NULL, 0, NULL, '0.00', '0.00', '032a1eec7989d2fa26b9fc0a54483c34', 'u1N1H69A', NULL, '493292638@qq.com', 0, NULL, NULL, 0, NULL, 0, 0, NULL, NULL, 0, 1, 1, 0, '0.00', '', 0, 1530070161, 1528419725, ''),
(85, 'Li592338486', 0, 0, '0.00', 1, NULL, 0, NULL, '0.00', '0.00', 'a151ac3af7fef37906ff50a0a7c9df68', 'I3KuwZSX', NULL, '592337486@qq.com', 0, NULL, NULL, 0, NULL, 0, 0, NULL, NULL, 0, 1, 1, 0, '0.00', '', 0, 1530070161, 1528674145, ''),
(86, 'qdrondom', 0, 0, '0.00', 1, NULL, 0, NULL, '0.00', '0.00', '23ca67c01e4a3b39a1ca356d3981e5c1', 'V4kh1G6I', NULL, '3407775602@qq.com', 0, NULL, NULL, 0, NULL, 0, 0, NULL, NULL, 0, 1, 1, 0, '0.00', '', 0, 1530070161, 1528682489, ''),
(87, '1055133612', 0, 0, '0.00', 1, NULL, 0, NULL, '0.00', '0.00', '796bfd3552ab2b86c97eb6a7de314b3d', 'auM6JZ6c', '', '14602996@qq.com', 0, NULL, NULL, 0, NULL, 0, 0, NULL, NULL, 0, 1, 1, 0, '0.00', '', 0, 1530070161, 1528725003, ''),
(88, 'ceshi999', 0, 0, '0.00', 1, NULL, 0, NULL, '11.00', '0.10', '8138d116fb80b59870b8712a5594894e', 'T6DBR85j', NULL, 'ceshi999@123.com', 0, NULL, NULL, 0, NULL, 0, 0, NULL, NULL, 0, 1, 1, 0, '0.00', '', 0, 1530070161, 1528771786, ''),
(89, 'mt0520', 0, 0, '0.00', 1, NULL, 0, NULL, '0.00', '0.00', 'c4e7881ec09a72b9cbafd0e64195a034', 'LO2wbQ8N', NULL, '3061167@qq.com', 0, NULL, NULL, 0, NULL, 0, 0, NULL, NULL, 0, 1, 1, 0, '0.00', '', 0, 1530070161, 1528860387, ''),
(90, '1234567', 0, 0, '0.00', 1, NULL, 0, NULL, '0.00', '1000000.00', '20cdd7cbe1dcbd5771bcae0325832e44', 'Y1w89CWI', '', '123456@qq.com', 0, NULL, NULL, 0, NULL, 0, 0, NULL, NULL, 0, 1, 1, 0, '0.00', '', 0, 1530070161, 1529054039, ''),
(91, '两难', 0, 0, '0.00', 1, NULL, 0, NULL, '20.00', '0.00', 'bd8988456f83d906e5355fef472cd586', 'Ev9jNk7v', NULL, '1001100@qq.com', 0, NULL, NULL, 0, NULL, 0, 0, NULL, NULL, 0, 1, 1, 0, '0.00', '', 0, 1530070161, 1529054051, ''),
(92, '568023030', 0, 0, '0.00', 1, NULL, 0, NULL, '20.00', '0.00', '24f65bfe2967705f5ed1adeef0fba827', 'iEP0eE3D', NULL, '568023030@qq.com', 0, NULL, NULL, 0, NULL, 0, 0, NULL, NULL, 0, 1, 1, 0, '0.00', '', 0, 1530070161, 1529079881, ''),
(93, 'jsw12345', 0, 0, '0.00', 1, NULL, 0, NULL, '0.00', '0.00', '9a6e7495dbc48109c06085ef63fc8659', 'l5KKu79m', NULL, '909331662@qq.com', 0, NULL, NULL, 0, NULL, 0, 0, NULL, NULL, 0, 1, 1, 0, '0.00', '', 0, 1530070161, 1529201068, ''),
(94, '梵天', 0, 0, '0.00', 1, NULL, 0, NULL, '0.00', '0.00', '6de649e7327059e3367c1d647593a53a', 'FomO608G', NULL, '4652292@qq.com', 0, NULL, NULL, 0, NULL, 0, 0, NULL, NULL, 0, 1, 1, 0, '0.00', '', 0, 1530070161, 1529288894, ''),
(95, 'test13', 0, 0, '0.00', 1, NULL, 0, NULL, '0.00', '0.00', 'aa283b9f85868d19c8686c7dcb32546f', 'er5IIrl7', NULL, '123456@qq.com', 0, NULL, NULL, 0, NULL, 0, 0, NULL, NULL, 0, 1, 1, 0, '0.00', '', 0, 1530070161, 1529415346, ''),
(96, '古城', 0, 0, '0.00', 1, NULL, 0, NULL, '20.00', '0.00', '34c8844376cd58df83d36e8492aaabe1', 'ge00Fq4l', NULL, '1585934608@qq.com', 0, NULL, NULL, 0, NULL, 0, 0, NULL, NULL, 0, 1, 1, 0, '0.00', '', 0, 1530070161, 1529724741, ''),
(97, 'mmmmsss', 0, 0, '0.00', 1, NULL, 0, NULL, '20.00', '0.00', 'aad4682dada34867339ccbd4cb40ef64', 'RKp1chO2', NULL, 'z@163.com', 0, NULL, NULL, 0, NULL, 0, 0, NULL, NULL, 0, 1, 1, 0, '0.00', '', 0, 1530070161, 1529748191, ''),
(98, 'haoqinggang', 0, 0, '0.00', 1, NULL, 0, NULL, '40.00', '0.00', 'a83e73d66986fc9124af21d63654bdfa', 'GhryEqUy', NULL, '836651666@qq.com', 0, NULL, NULL, 0, NULL, 0, 0, NULL, NULL, 0, 1, 1, 0, '0.00', '', 0, 1562160410, 1530179393, ''),
(99, 'hanhan', 0, 0, '0.00', 1, NULL, 0, NULL, '0.00', '0.00', '86a9ad948f79a0e8bba8a448b2008b91', 'S8QWZVF8', NULL, '15383349641@163.com', 0, NULL, NULL, 0, NULL, 0, 0, NULL, NULL, 0, 1, 1, 0, '0.00', '', 0, 1562160410, 1530351157, ''),
(100, 'qq878926561', 0, 0, '0.00', 1, NULL, 0, NULL, '0.00', '99999.00', '4e14034b6caa32e9acb3d45f3edd6bd3', 'O9g44Z6j', NULL, '878926561@qq.com', 0, NULL, NULL, 0, NULL, 0, 0, NULL, NULL, 0, 1, 1, 0, '0.00', '', 0, 1562160410, 1530507585, ''),
(101, '123456788', 0, 0, '0.00', 1, NULL, 0, NULL, '0.00', '0.00', '71e5abb3240c10fed0ff7350cddffbe2', 'oG5GJjx8', '', '123456789@qq.com', 0, NULL, NULL, 0, NULL, 0, 0, NULL, NULL, 0, 1, 1, 0, '0.00', '', 0, 1562160410, 1530722032, ''),
(102, '微微', 0, 0, '0.00', 1, NULL, 0, NULL, '20.00', '0.00', '6550908c23852d19973c2b81ef125daf', 'SWBbCw3O', NULL, '364574811@qq.com', 0, NULL, NULL, 0, NULL, 0, 0, NULL, NULL, 0, 1, 1, 0, '0.00', '', 0, 1562160410, 1530777378, ''),
(103, 'test1', 0, 0, '0.00', 1, NULL, 0, NULL, '0.00', '0.00', 'b79c38887a6ec5c08935a893d2438a8d', 'Y2u21t77', NULL, '2548523088@qq.com', 0, NULL, NULL, 0, NULL, 0, 0, NULL, NULL, 0, 1, 1, 0, '0.00', '', 0, 1562160410, 1530867216, ''),
(104, 'zhyi888', 0, 0, '0.00', 1, NULL, 0, NULL, '20.00', '0.00', 'd6968854bd7e2af1f4980ff401f69e89', 'J2ceIPyC', NULL, '11633210@qq.com', 0, NULL, NULL, 0, NULL, 0, 0, NULL, NULL, 0, 1, 1, 0, '0.00', '', 0, 1562160410, 1531150486, ''),
(105, '情战辞言 歼月', 0, 0, '0.00', 1, NULL, 0, NULL, '0.00', '0.00', '636d2a8c3971b8063c4b14de1de4948d', 'YwL5OIyY', NULL, '947106406@qq.com', 0, NULL, NULL, 0, NULL, 0, 0, NULL, NULL, 0, 1, 1, 0, '0.00', '', 0, 1562160410, 1531248162, ''),
(106, '歼月', 0, 0, '0.00', 1, NULL, 0, NULL, '30.00', '5.00', '', 'f4btZKtG', '20180711/7fbf824096ccd0d5574dd06278b8bb48.jpg', '947106406@qq.com', 1, '17876812659', '刘付玲', 1, '17876812659', 1, 0, NULL, NULL, 0, 1, 1, 0, '0.00', '', 0, 1562160410, 1531248419, ''),
(107, 'admin123', 0, 0, '0.00', 1, NULL, 0, NULL, '0.00', '0.00', '4f11d03e53cf9f2d5e4906042cf87ac6', 'Rn23Ac5a', NULL, 'ssd@12.com', 0, NULL, NULL, 0, NULL, 0, 0, NULL, NULL, 0, 1, 1, 0, '0.00', '', 0, 1562160410, 1531318192, ''),
(108, '歼月.', 0, 0, '0.00', 1, NULL, 0, NULL, '0.00', '0.00', 'c00d94b606ce48fceb0c905f7dbeecd3', 'qAtZrzsT', NULL, '947106406@qq.com', 0, NULL, NULL, 0, NULL, 0, 0, NULL, NULL, 0, 1, 1, 0, '0.00', '', 0, 1562160410, 1531328097, ''),
(109, '715619', 0, 0, '0.00', 1, NULL, 0, NULL, '0.00', '0.00', '9d704600022a8e9e75267fb0a8079a08', 'T6y6vVsk', NULL, '947106406@qq.com', 0, NULL, NULL, 0, NULL, 0, 0, NULL, NULL, 0, 1, 1, 0, '0.00', '', 0, 1562160410, 1531328267, ''),
(110, 'cs1314', 0, 0, '0.00', 1, NULL, 0, NULL, '0.00', '0.00', 'cc435a7ac39083a167c0198151d378bf', 'ungcZ0gO', NULL, '3387869556@qq.com', 0, NULL, NULL, 0, NULL, 0, 0, NULL, NULL, 0, 1, 1, 0, '0.00', '', 0, 1562160410, 1531405135, ''),
(111, 'luhaiying', 0, 0, '0.00', 1, NULL, 0, NULL, '0.00', '0.00', 'd9b10e2482f12ae311ccfedc6002e2b1', 'ljjS5BNl', NULL, '841528681@qq.com', 0, NULL, NULL, 0, NULL, 0, 0, NULL, NULL, 0, 1, 1, 0, '0.00', '', 0, 1562160410, 1531482874, ''),
(112, '小小123', 0, 0, '0.00', 1, NULL, 0, NULL, '0.00', '0.00', '31cf79996188bf2b457cf74d177762a9', 'D0xLo5hO', NULL, '909331662@qq.com', 0, NULL, NULL, 0, NULL, 0, 0, NULL, NULL, 0, 1, 1, 0, '0.00', '', 0, 1562160410, 1531552095, ''),
(113, 'pt1971167379', 0, 0, '0.00', 1, NULL, 0, NULL, '0.00', '0.00', 'f757848af62e970e9437de2bb998fd2e', 'eD092UPp', NULL, '1971167379@qq.com', 0, NULL, NULL, 0, NULL, 0, 0, NULL, NULL, 0, 1, 1, 0, '0.00', '', 0, 1562160397, 1531925475, ''),
(114, '654123', 0, 0, '0.00', 1, NULL, 0, NULL, '0.00', '0.00', '59f39088ea55337e7671a26425a245d0', 'Y2Bp0lJb', NULL, '654321@qq.com', 0, NULL, NULL, 0, NULL, 0, 0, NULL, NULL, 0, 1, 1, 0, '0.00', '', 0, 1562160397, 1531974220, ''),
(115, '111222', 0, 0, '0.00', 1, NULL, 0, NULL, '0.00', '0.00', '35918d15277af35c37d185c5450d8063', 'UYGK688L', NULL, '15105082255@163.com', 0, NULL, NULL, 0, NULL, 0, 0, NULL, NULL, 0, 1, 1, 0, '0.00', '', 0, 1562160397, 1531976152, ''),
(116, 'aaa123456', 0, 0, '0.00', 1, NULL, 0, NULL, '0.00', '0.00', 'f871fade648c64993d07e46a79da2a7c', 'IS0Ux6p0', NULL, '123456@qq.com', 0, NULL, NULL, 0, NULL, 0, 0, NULL, NULL, 0, 1, 1, 0, '0.00', '', 0, 1562160397, 1532091973, ''),
(117, 'stonehang', 0, 0, '0.00', 1, NULL, 0, NULL, '20.00', '0.00', '88bc6cd2074b7edade46079545fe7b84', 'b4Pq7QP9', NULL, 'stonehang@126.com', 0, NULL, NULL, 0, NULL, 0, 0, NULL, NULL, 0, 1, 1, 0, '0.00', '', 0, 1562160397, 1532140210, ''),
(118, 'apple', 0, 0, '0.00', 1, NULL, 0, NULL, '20.00', '0.00', '7c6ef1d8ef54ad54282a1b965b20fe19', 'd2mNMcvv', NULL, '2458080129@qq.com', 0, NULL, NULL, 0, NULL, 0, 0, NULL, NULL, 0, 1, 1, 0, '0.00', '', 0, 1562160397, 1532567691, ''),
(119, '424168313', 0, 0, '0.00', 1, NULL, 0, NULL, '0.00', '0.00', '124e5f8fb0ba1a19b41a34efeec9200c', 'Q61V9bR2', NULL, '424168313@qq.com', 0, NULL, NULL, 0, NULL, 0, 0, NULL, NULL, 0, 1, 1, 0, '0.00', '', 0, 1562160397, 1532598075, ''),
(120, 'chengkai', 0, 0, '0.00', 1, NULL, 0, NULL, '20.00', '0.00', '2953c21accb30eee644192ad7c7a46e8', 'AwkdVBBL', NULL, 'guomir@126.com', 0, NULL, NULL, 0, NULL, 0, 0, NULL, NULL, 0, 1, 1, 0, '0.00', '', 0, 1562160397, 1532781025, ''),
(121, '苹果3457', 0, 0, '0.00', 1, NULL, 0, NULL, '60.00', '0.00', 'efa29a46a26a46206e62c9caf3315e64', 'RAAZv93G', NULL, '3329822420@qq.com', 0, NULL, NULL, 0, NULL, 0, 0, NULL, NULL, 0, 1, 1, 0, '0.00', '', 0, 1562160397, 1532930358, ''),
(122, '1806350', 0, 0, '0.00', 1, NULL, 0, NULL, '20.00', '0.20', 'ad1ea2d7d41b02733ab6356d24e911df', 'fwW6hwwh', NULL, '1072127952@qq.com', 0, NULL, NULL, 0, NULL, 0, 0, NULL, NULL, 0, 1, 1, 0, '0.00', '', 0, 1562160397, 1532940906, ''),
(123, '123456', 0, 0, '0.00', 1, NULL, 0, NULL, '49913.00', '27.87', '1e72f1f2ec8987c71b4898c0255ec502', 'WBv4cVuy', '20181112/118aefa7c3a0f2a2ca70ca4e70f00a47.png', '123456@qq.com', 0, NULL, NULL, 0, NULL, 0, 0, NULL, NULL, 0, 1, 1, 0, '0.00', '', 2, 1562160397, 1533000527, ''),
(124, '小白', 0, 0, '0.00', 1, NULL, 0, NULL, '0.00', '0.00', 'c67ea9adbdd010aed52a26e412c0700a', 'pwC41d1I', NULL, '1132993247@qq.com', 0, NULL, NULL, 0, NULL, 0, 0, NULL, NULL, 0, 1, 1, 0, '0.00', '', 0, 1562160397, 1533034449, ''),
(125, '夜寒', 0, 0, '0.00', 1, NULL, 0, NULL, '0.00', '0.00', 'f67010f31d371c667ec6d401e26f80bd', 'slVQH8so', NULL, '751865117@qq.com', 0, NULL, NULL, 0, NULL, 0, 0, NULL, NULL, 0, 1, 1, 0, '0.00', '', 0, 1562160397, 1533125717, ''),
(126, 'yztd', 0, 0, '0.00', 1, NULL, 0, NULL, '20.00', '0.00', '9f2c092fe98d1e02df85f2eb8104166f', 'KetwY8T0', NULL, '147921066@qq.com', 0, NULL, NULL, 0, NULL, 0, 0, NULL, NULL, 0, 1, 1, 0, '0.00', '', 0, 1562160397, 1533182394, ''),
(127, 'aa2633', 0, 0, '0.00', 1, NULL, 0, NULL, '20.00', '0.00', '2c425a5afbba777430f181838a8b0d5d', 'Q19B9X6U', NULL, '1335027798@qq.com', 0, NULL, NULL, 0, NULL, 0, 0, NULL, NULL, 0, 1, 1, 0, '0.00', '', 0, 1562160397, 1533240319, ''),
(128, '杨鹏举', 0, 0, '0.00', 1, NULL, 0, NULL, '0.00', '0.00', 'f612d9dd02354611a7ac158d5abb2a9e', 'ztbh8PxG', NULL, '1363849909@qq.com', 0, NULL, NULL, 0, NULL, 0, 0, NULL, NULL, 0, 1, 1, 0, '0.00', '', 0, 1562160384, 1533268349, ''),
(129, 'lin6065', 0, 0, '0.00', 1, NULL, 0, NULL, '0.00', '0.00', '27d48d7deb5ef7ded8ccfdfac20dd18d', 'x4999vHn', NULL, '315211780@qq.com', 0, NULL, NULL, 0, NULL, 0, 0, NULL, NULL, 0, 1, 1, 0, '0.00', '', 0, 1562160384, 1533281838, ''),
(130, 'WEIAITING1124', 0, 0, '0.00', 1, NULL, 0, NULL, '0.00', '0.00', '4585199a9665cfc366015ab85d053c82', 'puadRbf2', NULL, '1733690555@qq.com', 0, NULL, NULL, 0, '18654125037', 1, 0, NULL, NULL, 0, 1, 1, 0, '0.00', '', 0, 1562160384, 1533351488, ''),
(131, 'SVN888', 0, 0, '0.00', 1, NULL, 0, NULL, '0.00', '0.00', '323c1ae84a55be184dcedaab4985aefc', 'kH1hfZ4B', NULL, '1585934608@qq.com', 0, NULL, NULL, 0, NULL, 0, 0, NULL, NULL, 0, 1, 1, 0, '0.00', '', 0, 1562160384, 1533778664, ''),
(132, 'test810', 0, 0, '0.00', 1, NULL, 0, NULL, '106.00', '1.00', 'f61dcc4d33607513ecf946f2b4a80b29', 'Jwz60q77', NULL, 'test810@qq.com', 0, NULL, NULL, 0, NULL, 0, 0, NULL, NULL, 0, 1, 1, 0, '0.00', '', 0, 1562160384, 1533891322, ''),
(133, 'qqq111', 0, 0, '0.00', 1, NULL, 0, NULL, '0.00', '10000.00', '941af067cbe429d3e6538987905cfaf6', 'Tg258vPh', '', '564026511@qq.com', 0, NULL, NULL, 0, NULL, 0, 0, NULL, NULL, 0, 1, 1, 0, '0.00', '', 0, 1562160384, 1533908751, ''),
(134, '魏成', 0, 0, '0.00', 1, NULL, 0, NULL, '0.00', '0.00', '84ad2699272ec867db30404ec7698e3d', 'B7IOBpL7', NULL, '710339978@qq.com', 0, NULL, NULL, 0, NULL, 0, 0, NULL, NULL, 0, 1, 1, 0, '0.00', '', 0, 1562160384, 1534504910, ''),
(135, 'yuan', 0, 0, '0.00', 1, NULL, 0, NULL, '0.00', '0.00', '2434ecdec9f62117e09360f927c0b97e', 'kRunZdno', NULL, '70862133@qq.com', 0, NULL, NULL, 0, NULL, 0, 0, NULL, NULL, 0, 1, 1, 0, '0.00', '', 0, 1562160384, 1534664032, ''),
(136, 'itgu123', 0, 0, '0.00', 1, NULL, 0, NULL, '133332.00', '20.00', 'c4ee034aa69c302d21aaba720858c20f', 'd1mJrUVv', NULL, '521521@qq.com', 0, NULL, NULL, 0, NULL, 0, 0, NULL, NULL, 0, 1, 1, 0, '0.00', '', 0, 1562160384, 1534736329, ''),
(137, 'm191628677', 0, 0, '0.00', 1, NULL, 0, NULL, '0.00', '0.00', 'e64b2a11d9d6bae69e71a0d1190c04cc', 'OTwFmo1w', NULL, '191628677@qq.com', 0, NULL, NULL, 0, NULL, 0, 0, NULL, NULL, 0, 1, 1, 0, '0.00', '', 0, 1562160384, 1534814268, ''),
(138, '366852141@qq.com', 0, 0, '0.00', 1, NULL, 0, NULL, '0.00', '0.00', '58b26046e977aa10816e434beb4ef67e', 'EawPz3kZ', NULL, '366852141@qq.com', 0, NULL, NULL, 0, NULL, 0, 0, NULL, NULL, 0, 1, 1, 0, '0.00', '', 0, 1562160384, 1534847938, ''),
(139, '19162867', 0, 0, '0.00', 1, NULL, 0, NULL, '0.00', '0.00', '03f14c56cc39d56f5b7d3786250b3de4', 'G2WxZ84r', NULL, '191628677@qq.com', 0, NULL, NULL, 0, NULL, 0, 0, NULL, NULL, 0, 1, 1, 0, '0.00', '', 0, 1562160384, 1534898158, ''),
(140, 'wang', 0, 0, '0.00', 1, NULL, 0, NULL, '0.00', '0.00', '511d118cc91e7fb4a8cc71ca8701b24e', 'b4HB9xSZ', NULL, '1184043275@qq.com', 0, NULL, NULL, 0, NULL, 0, 0, NULL, NULL, 0, 1, 1, 0, '0.00', '', 0, 1562160384, 1534980627, ''),
(141, 'test2018', 0, 0, '0.00', 1, NULL, 0, NULL, '23.00', '0.00', 'a03d98157bb8cf02dac0d618e2166793', 'lD9hNAOO', NULL, 'admin@domain.com', 0, NULL, NULL, 0, NULL, 0, 0, NULL, NULL, 0, 1, 1, 0, '0.00', '', 1, 1562160384, 1535068179, ''),
(142, 'ddx123', 0, 0, '0.00', 1, NULL, 0, NULL, '0.00', '0.00', '1bf83c21c1d7f5eb0d58b25a13f86693', 't56oSoeU', NULL, '275076118@qq.com', 0, NULL, NULL, 0, NULL, 0, 0, NULL, NULL, 0, 1, 1, 0, '0.00', '', 0, 1562160384, 1535107521, ''),
(143, 'q396063395', 0, 0, '0.00', 1, NULL, 0, NULL, '0.00', '0.00', '694ba184a8215023f7137e561062dff4', 'yZlR9wWu', '', '396063395@qq.com', 0, NULL, NULL, 0, NULL, 0, 0, NULL, NULL, 0, 1, 1, 0, '0.00', '', 0, 1562160370, 1535113411, ''),
(144, '18888853608', 0, 0, '0.00', 1, NULL, 0, NULL, '0.00', '0.00', '4feeb16d4bab6911284e17f37b2e1d26', 'jxi0pX33', NULL, '', 0, NULL, NULL, 0, NULL, 0, 0, NULL, NULL, 0, 1, 1, 0, '0.00', '', 0, 1562160370, 1535561825, ''),
(145, '15333300772', 0, 0, '0.00', 1, NULL, 0, NULL, '0.00', '0.00', '6eb01e4e9f106dbf1fca3e7cf299f12b', 'X2aC31pT', NULL, '', 0, NULL, NULL, 0, NULL, 0, 0, NULL, NULL, 0, 1, 1, 0, '0.00', '', 0, 1562160370, 1535611988, ''),
(146, '15861101019', 0, 0, '0.00', 1, NULL, 0, NULL, '0.00', '0.00', 'd2780d3e55cf470aa7c0cbfa2cba38c1', 'l0amQpue', NULL, '', 0, NULL, NULL, 0, NULL, 0, 0, NULL, NULL, 0, 1, 1, 0, '0.00', '', 0, 1562160370, 1535612217, ''),
(147, '13954097227', 0, 0, '0.00', 1, NULL, 0, NULL, '23.00', '0.00', 'bf7dd29e564a5372fc64739ba0a487e7', 'aH535cq9', NULL, '', 0, NULL, NULL, 0, NULL, 0, 0, NULL, NULL, 0, 1, 1, 0, '0.00', '', 1, 1562160370, 1535691257, ''),
(148, '18379011961', 0, 0, '0.00', 1, NULL, 0, NULL, '23.00', '0.00', 'af060c71b0890095152c60a40b7f1787', 'xkoWkK2l', NULL, '', 0, NULL, NULL, 0, NULL, 0, 0, NULL, NULL, 0, 1, 1, 0, '0.00', '', 1, 1562160370, 1535964322, ''),
(149, '15884903629', 0, 0, '0.00', 1, NULL, 0, NULL, '0.00', '0.00', 'd50c91172b3e7a28aac6c98c4ae1cfb3', 'Fz9HOXbo', NULL, '', 0, NULL, NULL, 0, NULL, 0, 0, NULL, NULL, 0, 1, 1, 0, '0.00', '', 0, 1562160370, 1536039345, ''),
(150, '18065863036', 0, 0, '0.00', 1, NULL, 0, NULL, '0.00', '0.00', '81f2760b42675e24f1ce602d7a17600d', 'F33KoYOg', NULL, '', 0, NULL, NULL, 0, NULL, 0, 0, NULL, NULL, 0, 1, 1, 0, '0.00', '', 0, 1562160370, 1536114894, ''),
(151, '18659045630', 0, 0, '0.00', 1, NULL, 0, NULL, '0.00', '0.00', '7cbf0588f22f4fce4472c07616652e0e', 'gNSSiHiy', NULL, '', 0, NULL, NULL, 0, NULL, 0, 0, NULL, NULL, 0, 1, 1, 0, '0.00', '', 0, 1562160370, 1536212525, ''),
(152, '13282635089', 0, 0, '0.00', 1, NULL, 0, NULL, '0.00', '0.00', 'f3e4b88306bed453a5e9d72ccebb8bda', 'l08sPY8c', NULL, '', 0, NULL, NULL, 0, NULL, 0, 0, NULL, NULL, 0, 1, 1, 0, '0.00', '', 0, 1562160370, 1536238213, ''),
(153, '17681685236', 0, 0, '0.00', 1, NULL, 0, NULL, '0.00', '0.00', '70763894e643937a1dfd7179cfb8bc13', 'naGbiuA2', NULL, '', 0, NULL, NULL, 0, NULL, 0, 0, NULL, NULL, 0, 1, 1, 0, '0.00', '', 0, 1562160370, 1536238362, ''),
(154, '17515404411', 0, 0, '0.00', 1, NULL, 0, NULL, '0.00', '0.00', '35c323f250b30b724575a65d1e90f079', 'QcG78z2z', NULL, '', 0, NULL, NULL, 0, NULL, 0, 0, NULL, NULL, 0, 1, 1, 0, '0.00', '', 0, 1562160370, 1536238802, ''),
(155, '13877441609', 0, 0, '0.00', 1, NULL, 0, NULL, '0.00', '0.00', '59c07c73fe5b85789c9f15878eadafae', 'gLZYT88I', NULL, '', 0, NULL, NULL, 0, NULL, 0, 0, NULL, NULL, 0, 1, 1, 0, '0.00', '', 0, 1562160370, 1536366697, ''),
(156, '15832783502', 0, 0, '0.00', 1, NULL, 0, NULL, '23.00', '0.00', 'dc42c6aecd654c66aae0a48ffff1569a', 'xD4RaTt3', NULL, '', 0, NULL, NULL, 0, NULL, 0, 0, NULL, NULL, 0, 1, 1, 0, '0.00', '', 1, 1562160370, 1536381902, ''),
(157, '15916324177', 0, 0, '0.00', 1, NULL, 0, NULL, '23.00', '4.50', 'f1e3ff0c9f54c38a7fc577b168f593a8', 'TSYvStJT', '', '', 0, NULL, NULL, 0, NULL, 0, 0, NULL, NULL, 0, 1, 1, 0, '0.00', '', 1, 1562160370, 1536480188, ''),
(158, '18558750263', 0, 0, '0.00', 1, NULL, 0, NULL, '0.00', '0.10', 'f9e475e9ceb459d31fbf7e181d6b732b', 'AlfGslg9', '', '', 0, NULL, NULL, 0, NULL, 0, 0, NULL, NULL, 0, 1, 1, 0, '0.00', '', 0, 1562160356, 1536582883, ''),
(159, '13503819071', 0, 0, '0.00', 1, NULL, 0, NULL, '145.00', '222.40', 'cdeeac7a2439aa938c86f23a8e9e33ad', 'wmS13j6V', '20180914/0e851fe41e6cc6ff3f55a6a771c86c8b.jpeg', '', 0, NULL, NULL, 0, NULL, 0, 0, NULL, NULL, 0, 1, 1, 0, '0.00', '', 1, 1562160356, 1536656934, ''),
(160, '18789097320', 0, 0, '0.00', 1, NULL, 0, NULL, '666.00', '666.00', '6740fd712809f3591aa1df0cfbed1efe', 'OezI4393', NULL, '', 0, NULL, NULL, 0, NULL, 0, 0, NULL, NULL, 0, 1, 1, 0, '0.00', '', 0, 1536663452, 1536660491, ''),
(161, '13996886779', 0, 0, '0.00', 1, NULL, 0, NULL, '522.00', '15.48', '72944738af80cb1c352971f0fdde246e', 'EAch5EKG', NULL, '', 0, NULL, NULL, 0, NULL, 0, 0, NULL, NULL, 0, 1, 1, 0, '0.00', '', 1, 1562160356, 1536662530, ''),
(162, '15871065870', 0, 0, '0.00', 1, NULL, 0, NULL, '0.00', '0.00', 'a5e602cb0aeec0d71fd17e3cb45b9ecd', 'e6Kkyu22', NULL, '', 0, NULL, NULL, 0, NULL, 0, 0, NULL, NULL, 0, 1, 1, 0, '0.00', '', 0, 1562160356, 1536760204, ''),
(163, '18874800667', 0, 0, '0.00', 1, NULL, 0, NULL, '0.00', '0.00', 'c58b37f8dde97bcb7ee64b9a9e7f2e90', 'F5wVP55e', NULL, '', 0, NULL, NULL, 0, NULL, 0, 0, NULL, NULL, 0, 1, 1, 0, '0.00', '', 0, 1562160356, 1536855387, ''),
(164, '14777842892', 0, 0, '0.00', 1, NULL, 0, NULL, '0.00', '0.00', '60606bf085c85a7e51792db31c863d33', 'ZxXQa54a', NULL, '', 0, NULL, NULL, 0, NULL, 0, 0, NULL, NULL, 0, 1, 1, 0, '0.00', '', 0, 1562160356, 1536945739, ''),
(165, '13928484804', 0, 0, '0.00', 1, NULL, 0, NULL, '23.00', '369.80', 'c31a217ec64944d673d1c694fcc95dcb', 'U38RiCZ5', '', '', 0, NULL, NULL, 0, NULL, 0, 0, NULL, NULL, 0, 1, 1, 0, '0.00', '', 1, 1562160356, 1537079947, ''),
(166, '15521653206', 0, 0, '0.00', 1, NULL, 0, NULL, '745.00', '222.50', '2762c4b5276c6b3623f2abc954f1dce3', 'ZWd1LBB1', NULL, '', 0, NULL, NULL, 0, NULL, 0, 0, NULL, NULL, 0, 1, 1, 0, '0.00', '', 1, 1562160356, 1537487226, ''),
(167, '18377565040', 0, 0, '0.00', 1, NULL, 0, NULL, '0.00', '0.00', 'fc4cb773d05091e3af05f0d129004e0e', 'Dm69W1nM', NULL, '', 0, NULL, NULL, 0, NULL, 0, 0, NULL, NULL, 0, 1, 1, 0, '0.00', '', 0, 1562160356, 1537585746, ''),
(168, '19939907559', 0, 0, '0.00', 1, NULL, 0, NULL, '500.00', '0.50', '4cff7cea9936c5d7d19dabda9d87b7fc', 'Nsa0PTc0', NULL, '', 0, NULL, NULL, 0, NULL, 0, 0, NULL, NULL, 0, 1, 1, 0, '0.00', '', 0, 1562160356, 1538017581, ''),
(169, '18123172802', 0, 0, '0.00', 1, NULL, 0, NULL, '0.00', '0.00', '91491004cabfb91368db3e1b8d96a7aa', 'p02z2Jp0', NULL, '', 0, NULL, NULL, 0, NULL, 0, 0, NULL, NULL, 0, 1, 1, 0, '0.00', '', 0, 1562160356, 1538882138, ''),
(170, '15176866687', 0, 0, '0.00', 1, NULL, 0, NULL, '23.00', '0.00', 'd4941716379aee5913e613bbcbc6ad7b', 'SiJiV0M8', NULL, '', 0, NULL, NULL, 0, NULL, 0, 0, NULL, NULL, 0, 1, 1, 0, '0.00', '', 1, 1562160356, 1538970457, ''),
(171, '18866699911', 0, 0, '0.00', 1, NULL, 0, NULL, '23.00', '7.84', '9d778861e762da6715facfb893d53ea0', 'J57dooSI', '', '490556445@qq.com', 1, '12345678', '123', 1, '18866699911', 1, 0, NULL, NULL, 0, 1, 1, 1, '0.00', '', 1, 1562160356, 1540959066, 'tp155297243192.png'),
(172, '18631279127', 0, 171, '0.00', 1, NULL, 0, NULL, '23.00', '1.00', '859a71e4fc930db29761886a53d8ab34', 'kcXFfFgz', '', '450400962@qq.com', 0, NULL, NULL, 0, NULL, 0, 0, NULL, NULL, 0, 1, 1, 0, '0.00', '', 1, 1562160356, 1550996159, 'tp155296692712.png'),
(173, NULL, 0, 0, '0.00', 1, NULL, 0, NULL, '0.00', '0.00', NULL, NULL, NULL, NULL, 0, NULL, NULL, 0, NULL, 0, 0, NULL, NULL, 0, 1, 1, 0, '0.00', '', 0, 1562160356, 0, ''),
(174, '13015867502', 0, 0, '0.00', 1, NULL, 0, NULL, '31.00', '697.44', '6a6c254d4b4057ddf5f29d86b55be7f1', 'H1zXzeng', NULL, '', 0, NULL, NULL, 0, NULL, 0, 0, NULL, NULL, 0, 1, 0, 0, '0.00', '', 2, 1562300564, 1562161878, ''),
(175, '13015867503', 0, 0, '0.00', 1, NULL, 0, NULL, '42.00', '3.55', '2b2ce05ce39187ac1fa7c7568cdf28c9', 'D9m3Hhh3', NULL, '', 0, NULL, NULL, 0, NULL, 0, 0, NULL, NULL, 0, 1, 0, 0, '0.00', '', 0, 1562291024, 1562215138, '');

-- --------------------------------------------------------

--
-- 表的结构 `tb_notice`
--

CREATE TABLE IF NOT EXISTS `tb_notice` (
  `id` int(11) NOT NULL AUTO_INCREMENT,
  `title` varchar(255) DEFAULT NULL,
  `detail` text,
  `order_by` int(11) DEFAULT '0',
  `is_display` tinyint(3) DEFAULT '1',
  `update_time` int(11) DEFAULT '0',
  `create_time` int(11) DEFAULT '0',
  PRIMARY KEY (`id`)
) ENGINE=InnoDB  DEFAULT CHARSET=utf8mb4 ROW_FORMAT=DYNAMIC COMMENT='公告' AUTO_INCREMENT=4 ;

--
-- 转存表中的数据 `tb_notice`
--

INSERT INTO `tb_notice` (`id`, `title`, `detail`, `order_by`, `is_display`, `update_time`, `create_time`) VALUES
(2, '搜虎精品社区www.riyao.net提供源码', '<p></p><center><p>资源提供：<a href="http://www.riyao.net" target="_blank"><span style="color:red">搜虎精品社区</span></a><br/>&nbsp;<a href="http://www.riyao.net" target="_blank">搜虎精品社区</a> | <a href="http://vip.riyao.net" target="_blank">极品商业源码</a> | <a href="http://idc.riyao.net" target="_blank">搜虎精品社区空间、域名</a> | <a href="http://vip.riyao.net/templates/Korea/" target="_blank">90G韩国豪华商业模版</a> | <a href="http://www.riyao.net/forum-158-1.html" target="_blank">顶级棋牌商业源码</a><br/>更多精品商业资源，就在<a href="http://www.riyao.net" target="_blank">搜虎精品社区</a></p></center><p></p>', 0, 1, 1581344600, 1536230347),
(3, '搜虎精品社区www.riyao.net提供源码', '<p>搜虎精品社区www.riyao.net提供源码</p>', 0, 1, 1581344614, 1562160545);

-- --------------------------------------------------------

--
-- 表的结构 `tb_recharge`
--

CREATE TABLE IF NOT EXISTS `tb_recharge` (
  `id` int(11) NOT NULL AUTO_INCREMENT,
  `uid` int(11) DEFAULT '0',
  `username` varchar(20) NOT NULL DEFAULT '' COMMENT '用户名',
  `credit2` decimal(10,2) DEFAULT '0.00' COMMENT '充值金额',
  `pay_method` tinyint(3) DEFAULT '0' COMMENT '0银行卡，1支付宝，2微信',
  `account` varchar(50) DEFAULT NULL COMMENT '账号',
  `realname` varchar(20) DEFAULT NULL COMMENT '真实姓名',
  `mobile` varchar(20) DEFAULT NULL COMMENT '手机号',
  `pay_time` varchar(50) DEFAULT NULL COMMENT '充值时间',
  `thumbs` varchar(255) NOT NULL DEFAULT '' COMMENT '充值截图',
  `status` tinyint(3) DEFAULT '0' COMMENT '0待审核，1已发放，-1审核未通过',
  `note` varchar(255) DEFAULT NULL COMMENT '备注信息',
  `create_time` int(11) DEFAULT '0',
  `update_time` int(11) DEFAULT '0',
  PRIMARY KEY (`id`)
) ENGINE=InnoDB  DEFAULT CHARSET=utf8mb4 ROW_FORMAT=DYNAMIC AUTO_INCREMENT=125 ;

-- --------------------------------------------------------

--
-- 表的结构 `tb_sign`
--

CREATE TABLE IF NOT EXISTS `tb_sign` (
  `id` int(11) NOT NULL AUTO_INCREMENT,
  `uid` int(11) DEFAULT '0',
  `credit1` decimal(10,2) DEFAULT '0.00' COMMENT '赠送的积分',
  `create_time` int(11) DEFAULT '0',
  PRIMARY KEY (`id`),
  KEY `uid_create_time` (`uid`,`create_time`)
) ENGINE=InnoDB  DEFAULT CHARSET=utf8mb4 ROW_FORMAT=DYNAMIC COMMENT='签到表' AUTO_INCREMENT=217 ;

--
-- 转存表中的数据 `tb_sign`
--

INSERT INTO `tb_sign` (`id`, `uid`, `credit1`, `create_time`) VALUES
(146, 97, '20.00', 1529771498),
(147, 96, '20.00', 1529836860),
(148, 3, '20.00', 1530070815),
(149, 98, '20.00', 1530179685),
(150, 98, '20.00', 1530231794),
(151, 3, '20.00', 1530435205),
(152, 102, '20.00', 1530777458),
(153, 104, '20.00', 1531150541),
(154, 106, '20.00', 1531248603),
(155, 117, '20.00', 1532140255),
(156, 3, '20.00', 1532153864),
(157, 3, '20.00', 1532483534),
(158, 118, '20.00', 1532567739),
(159, 120, '20.00', 1532781159),
(160, 3, '20.00', 1532921721),
(161, 121, '20.00', 1532930446),
(162, 122, '20.00', 1532941009),
(163, 123, '20.00', 1533000821),
(164, 121, '20.00', 1533174135),
(165, 126, '20.00', 1533182434),
(166, 123, '20.00', 1533205353),
(167, 127, '20.00', 1533240364),
(168, 3, '20.00', 1533467156),
(169, 123, '20.00', 1533882266),
(170, 132, '20.00', 1533908509),
(171, 132, '20.00', 1534035265),
(172, 121, '20.00', 1534482008),
(173, 3, '20.00', 1534561094),
(174, 3, '20.00', 1534769911),
(175, 123, '20.00', 1534776001),
(176, 123, '20.00', 1534807915),
(177, 3, '20.00', 1534811957),
(178, 3, '20.00', 1534938513),
(179, 141, '20.00', 1535068361),
(180, 3, '20.00', 1535072047),
(181, 3, '20.00', 1535259051),
(182, 3, '20.00', 1535497878),
(183, 3, '20.00', 1535649847),
(184, 147, '20.00', 1535691416),
(185, 123, '20.00', 1535729730),
(186, 123, '20.00', 1535816758),
(187, 123, '20.00', 1535948454),
(188, 148, '20.00', 1535964770),
(189, 123, '20.00', 1536209076),
(190, 156, '20.00', 1536382008),
(191, 3, '20.00', 1536681685),
(192, 161, '20.00', 1536837268),
(193, 159, '20.00', 1536928433),
(194, 165, '20.00', 1537079984),
(195, 123, '20.00', 1537086402),
(196, 123, '20.00', 1537349523),
(197, 166, '20.00', 1537589243),
(198, 123, '20.00', 1538884376),
(199, 170, '20.00', 1539155811),
(200, 123, '20.00', 1540915742),
(201, 171, '20.00', 1540973313),
(202, 123, '20.00', 1541042058),
(203, 171, '20.00', 1550304271),
(204, 171, '20.00', 1550934425),
(205, 171, '20.00', 1551281707),
(206, 157, '20.00', 1551451640),
(207, 171, '20.00', 1551614161),
(208, 123, '20.00', 1552179300),
(209, 171, '20.00', 1552312489),
(210, 123, '20.00', 1552313360),
(211, 171, '20.00', 1552344153),
(212, 171, '20.00', 1552467496),
(213, 171, '20.00', 1552896698),
(214, 172, '20.00', 1552974554),
(215, 174, '20.00', 1562197706),
(216, 174, '20.00', 1562295984);

-- --------------------------------------------------------

--
-- 表的结构 `tb_task`
--

CREATE TABLE IF NOT EXISTS `tb_task` (
  `id` int(11) NOT NULL AUTO_INCREMENT,
  `uid` int(11) DEFAULT '0' COMMENT '会员ID',
  `title` varchar(255) DEFAULT NULL COMMENT '标题',
  `detail` text,
  `category_id` int(11) DEFAULT '0' COMMENT '类别ID',
  `start_time` int(11) DEFAULT '0' COMMENT '开始时间',
  `end_time` int(11) DEFAULT '0' COMMENT '结束时间',
  `ticket_num` int(11) DEFAULT '0' COMMENT '票数',
  `join_num` int(11) DEFAULT '0' COMMENT '已加入的票数',
  `unit_price` decimal(10,2) unsigned DEFAULT '0.00' COMMENT '任务单价',
  `give_credit1` int(10) unsigned DEFAULT '0' COMMENT '奖励积分',
  `give_credit2` decimal(10,2) DEFAULT '0.00' COMMENT '奖励金额',
  `fee` decimal(10,2) DEFAULT '0.00' COMMENT '手续费',
  `amount` decimal(10,2) unsigned NOT NULL DEFAULT '0.00' COMMENT '任务总金额',
  `top_hour` int(10) unsigned NOT NULL DEFAULT '0' COMMENT '置顶小时',
  `top_time` int(10) unsigned NOT NULL DEFAULT '0' COMMENT '置顶时间',
  `top_fee` decimal(10,2) unsigned NOT NULL DEFAULT '0.00' COMMENT '置顶费用',
  `top_end_time` int(10) unsigned NOT NULL DEFAULT '0' COMMENT '置顶结束时间',
  `check_period` int(11) DEFAULT '0' COMMENT '审核周期，小时',
  `check_period_time` int(10) unsigned NOT NULL DEFAULT '0' COMMENT '审核周期时间',
  `about_url` varchar(255) DEFAULT NULL COMMENT '相关地址',
  `check_text_content` varchar(255) NOT NULL DEFAULT '' COMMENT '文字验证',
  `remarks` varchar(255) NOT NULL DEFAULT '' COMMENT '备注',
  `is_screenshot` tinyint(3) DEFAULT '0' COMMENT '1需要截图',
  `is_ip_restriction` tinyint(3) DEFAULT '0' COMMENT '1限制IP',
  `province` varchar(20) DEFAULT NULL COMMENT '限制省份',
  `rate` tinyint(3) DEFAULT '0' COMMENT '0默认，1仅限一次，2每天一次，3定时任务',
  `interval_hour` int(11) DEFAULT '0' COMMENT '间隔时间',
  `is_limit_speed` tinyint(3) DEFAULT '0' COMMENT '1限速',
  `limit_ticket_num` int(11) DEFAULT '0' COMMENT '每5分钟限制票数',
  `thumbs` text COMMENT '任务多图',
  `order_by` int(11) DEFAULT '0',
  `is_display` tinyint(3) DEFAULT '1' COMMENT '1显示',
  `out_stock_flag` tinyint(1) unsigned NOT NULL DEFAULT '0' COMMENT '下架,0,未下架,1,下架 ',
  `out_stock_time` int(10) unsigned NOT NULL DEFAULT '0' COMMENT '下架时间',
  `is_complete` tinyint(3) DEFAULT '0' COMMENT '1已完成',
  `complete_time` int(11) DEFAULT '0' COMMENT '完成时间',
  `admin_id` int(10) unsigned NOT NULL DEFAULT '0',
  `audit_remarks` varchar(255) NOT NULL DEFAULT '' COMMENT '审核备注',
  `update_time` int(11) DEFAULT '0',
  `create_time` int(11) DEFAULT '0',
  PRIMARY KEY (`id`)
) ENGINE=InnoDB  DEFAULT CHARSET=utf8mb4 ROW_FORMAT=DYNAMIC COMMENT='任务表' AUTO_INCREMENT=47 ;

--
-- 转存表中的数据 `tb_task`
--

INSERT INTO `tb_task` (`id`, `uid`, `title`, `detail`, `category_id`, `start_time`, `end_time`, `ticket_num`, `join_num`, `unit_price`, `give_credit1`, `give_credit2`, `fee`, `amount`, `top_hour`, `top_time`, `top_fee`, `top_end_time`, `check_period`, `check_period_time`, `about_url`, `check_text_content`, `remarks`, `is_screenshot`, `is_ip_restriction`, `province`, `rate`, `interval_hour`, `is_limit_speed`, `limit_ticket_num`, `thumbs`, `order_by`, `is_display`, `out_stock_flag`, `out_stock_time`, `is_complete`, `complete_time`, `admin_id`, `audit_remarks`, `update_time`, `create_time`) VALUES
(45, 174, '简单关注公众号', '微信搜索公众号renmaid，关注截图', 3, 1562221860, 1625383860, 186, 1, '0.50', 12, '93.00', '0.10', '102.30', 0, 0, '0.00', 0, 0, 1562222120, '', '请输入关注微信昵称', '', 1, 0, '0', 0, 0, 0, 0, 'a:1:{i:0;s:45:"20190704/6e18ac731130233af06d33f48a945405.jpg";}', 0, 1, 0, 0, 0, 0, 1, '', 1562222332, 1562222120),
(46, 174, '简单刷脸认证，不绑卡', '仅限16周岁以上新用户！', 6, 1562245380, 1593867780, 59, 1, '2.00', 6, '118.00', '0.10', '129.80', 5, 1562297145, '10.00', 1562315145, 0, 1562245562, '', '请输入用户注册手机号', '', 0, 0, '0', 0, 0, 0, 0, 'a:1:{i:0;s:45:"20190704/a40f63dd0b3aed478485bf0645fb0690.jpg";}', 0, 1, 0, 0, 0, 0, 1, '', 1562297145, 1562245562);

-- --------------------------------------------------------

--
-- 表的结构 `tb_task_category`
--

CREATE TABLE IF NOT EXISTS `tb_task_category` (
  `id` int(11) NOT NULL AUTO_INCREMENT,
  `title` varchar(20) DEFAULT NULL COMMENT '分类名称',
  `thumb` varchar(255) DEFAULT NULL COMMENT '分类图片',
  `min_give_credit1` decimal(10,2) DEFAULT '0.00' COMMENT '最小奖励积分',
  `min_give_credit2` decimal(10,2) DEFAULT '0.00' COMMENT '最小奖励金额',
  `order_by` int(11) DEFAULT '0' COMMENT '数字越大越靠前',
  `is_display` tinyint(3) DEFAULT '1' COMMENT '1显示',
  `update_time` int(11) DEFAULT '0',
  `create_time` int(11) DEFAULT '0',
  PRIMARY KEY (`id`)
) ENGINE=InnoDB  DEFAULT CHARSET=utf8mb4 ROW_FORMAT=DYNAMIC COMMENT='分类' AUTO_INCREMENT=13 ;

--
-- 转存表中的数据 `tb_task_category`
--

INSERT INTO `tb_task_category` (`id`, `title`, `thumb`, `min_give_credit1`, `min_give_credit2`, `order_by`, `is_display`, `update_time`, `create_time`) VALUES
(2, '微信推广', '20180208/64cdf4d5938c667cdb5f77b537050ce4.png', '0.00', '0.10', 0, 1, 1537358865, 1516799416),
(3, '简单关注', '20180208/d034900fe0a115b50abe2c2bab0f2a0d.png', '8.00', '0.20', 0, 1, 1526255608, 1516799441),
(4, 'QQ推广', '20180208/f52ecf12b5cf8df1efc081db58ddbbfc.png', '7.00', '0.10', 0, 1, 1526255647, 1516799454),
(6, '注册认证', '20180208/1de21bf1891a1a88d6dd384e0600e6be.png', '5.00', '1.00', 0, 1, 1526255675, 1516799487),
(7, '网络投票', '20180208/39a0763e918bc5f1eba0f951d58c304f.png', '4.00', '0.15', 0, 1, 1526255736, 1516799501),
(8, '下载试玩', '20180208/3d0cc59ac681f0112eb78822874e4df5.png', '3.00', '0.90', 0, 1, 1526255760, 1516799518),
(9, '高价任务', '20180208/8b0471b07e937f9d67421b2fdeb2a233.png', '2.00', '1.50', 0, 1, 1526255823, 1516799649),
(10, '问卷调查', '20180208/e9bfd59a475fe28d414cb9954dd0fdfa.png', '1.00', '1.00', 0, 1, 1518083953, 1516799662),
(11, '网店推广', '20190703/8a0802b0edf540f84bfe5b238f99196d.png', '0.00', '0.00', 0, 1, 1562160161, 1540998256),
(12, '微信转发', '20180208/64cdf4d5938c667cdb5f77b537050ce4.png', '0.00', '0.00', 0, 1, 0, 1540998318);

-- --------------------------------------------------------

--
-- 表的结构 `tb_task_join`
--

CREATE TABLE IF NOT EXISTS `tb_task_join` (
  `id` int(11) unsigned NOT NULL AUTO_INCREMENT COMMENT '接单id',
  `task_id` int(10) unsigned NOT NULL DEFAULT '0' COMMENT '任务id',
  `uid` int(10) unsigned NOT NULL DEFAULT '0' COMMENT '用户ID',
  `thumbs` text COMMENT '审核图样',
  `check_text_content` varchar(255) NOT NULL DEFAULT '' COMMENT '文字确认',
  `communication` varchar(255) NOT NULL DEFAULT '' COMMENT '信息交流',
  `status` tinyint(1) unsigned NOT NULL DEFAULT '0' COMMENT '接单状态',
  `create_time` int(10) unsigned NOT NULL DEFAULT '0' COMMENT '接单时间',
  `update_time` int(10) unsigned NOT NULL DEFAULT '0',
  `audit_time` int(10) unsigned NOT NULL DEFAULT '0',
  `delflag` int(10) unsigned NOT NULL DEFAULT '1' COMMENT '删除标识  1.未删除 2.假删除',
  PRIMARY KEY (`id`),
  KEY `task_id` (`task_id`),
  KEY `uid` (`uid`)
) ENGINE=InnoDB  DEFAULT CHARSET=utf8 COMMENT='任务接单表' AUTO_INCREMENT=39 ;

--
-- 转存表中的数据 `tb_task_join`
--

INSERT INTO `tb_task_join` (`id`, `task_id`, `uid`, `thumbs`, `check_text_content`, `communication`, `status`, `create_time`, `update_time`, `audit_time`, `delflag`) VALUES
(37, 45, 175, 'a:1:{i:0;s:45:"20190704/5c797b8fa3f08c1a3902587acd35621a.jpg";}', '美', '', 3, 1562224445, 1562290745, 1562290745, 1),
(38, 46, 175, 'a:1:{i:0;s:45:"20190704/69405fa020e958d8c740f59c6d4aff1e.jpg";}', '13015867503', '', 3, 1562253030, 1562291024, 1562291024, 1);

-- --------------------------------------------------------

--
-- 表的结构 `tb_task_operate_steps`
--

CREATE TABLE IF NOT EXISTS `tb_task_operate_steps` (
  `id` int(11) NOT NULL AUTO_INCREMENT COMMENT '操作id',
  `task_id` int(11) NOT NULL DEFAULT '0' COMMENT '任务id',
  `uid` int(11) unsigned NOT NULL DEFAULT '0' COMMENT '用户id',
  `content` text COMMENT '操作说明文字',
  `image` varchar(255) NOT NULL DEFAULT '' COMMENT '操作说明配图',
  `sort` int(11) NOT NULL DEFAULT '0' COMMENT '操作步骤顺序',
  `update_time` int(11) NOT NULL DEFAULT '0',
  `create_time` int(11) NOT NULL DEFAULT '0',
  PRIMARY KEY (`id`),
  KEY `task_id` (`task_id`)
) ENGINE=InnoDB  DEFAULT CHARSET=utf8mb4 COMMENT='操作说明表  与发布任务表关联' AUTO_INCREMENT=93 ;

--
-- 转存表中的数据 `tb_task_operate_steps`
--

INSERT INTO `tb_task_operate_steps` (`id`, `task_id`, `uid`, `content`, `image`, `sort`, `update_time`, `create_time`) VALUES
(1, 1, 3, '测试任务测试任务测试任务测试任务', '20180628/9959c1778abc2f1c41fcfe9fdcf2d476.jpg', 0, 0, 1530180315),
(2, 1, 3, '测试任务测试任务测试任务', '20180628/54e3fcf97da712d495cb3b35eb6bae94.jpg', 1, 0, 1530180315),
(3, 2, 3, '555555', '20180629/a411ae1d89849d09ac156667fd0e645c.jpg', 0, 0, 1530219264),
(4, 2, 3, '6666', '20180629/3f71e84004abcb45c83aada33cd77a75.jpeg', 1, 0, 1530219264),
(5, 3, 3, '测试任务标题测试任务标题测试任务标题', '20180701/a8542f5a44f3c427e8e72ba276270147.jpg', 0, 0, 1530451481),
(6, 3, 3, '测试任务标题测试任务标题测试任务标题', '20180701/7e354e8b04d53313a72691f2ce6c488d.png', 1, 0, 1530451481),
(7, 4, 3, '测试任务标题测试任务标题测试任务标题', '20180701/4a7f4c3f4a3376e3abaa85bc9ea9b32e.jpg', 0, 0, 1530451489),
(8, 4, 3, '测试任务标题测试任务标题测试任务标题', '20180701/a435de438ac607ef1aa6157fbe5af32f.png', 1, 0, 1530451489),
(9, 5, 3, '用手机微信扫描二维码，下载安装帮小咖', '20180730/56d4f3e6225c762c420a97f8eb4cff43.png', 0, 0, 1532921298),
(10, 5, 3, '进入任务页上任意做一单，', '20180730/8877045df242d0fd6c0d5ac6446238fb.png', 1, 0, 1532921298),
(11, 5, 3, '提供任务提现详细图', '20180730/81febc0d0b8ffc6aee2d9084d85a7ee2.png', 2, 0, 1532921298),
(12, 6, 3, '用手机微信扫描二维码，下载安装帮小咖', '20180730/eb065566dcd00e694815666104ca452b.png', 0, 1532921371, 1532921304),
(13, 6, 3, '进入任务页上任意做一单，', '20180730/8a73272284b058226bce1582d6f3475a.png', 1, 1532921371, 1532921304),
(14, 6, 3, '提供任务提现详细图', '20180730/5612f792864934c281cd692c6ef6fcaf.png', 2, 1532921371, 1532921304),
(15, 7, 3, '用微信扫描二码注册，下载', '20180730/1a6fc1afb8ad647b278ecc5b7845a3ce.png', 0, 1532922529, 1532922411),
(16, 7, 3, '进入任务页完成任意一单任务提交审核图', '20180730/d9eb7804ee5fcffd72265015bb638b0f.png', 1, 1532922529, 1532922411),
(17, 7, 3, '提供完成图', '20180730/6d8c30668ceae3cf9800211a184cd562.png', 2, 0, 1532922529),
(18, 8, 3, '5555555555555555555', '20180811/525a336c398fb585b8863fc6c24ccac1.jpg', 0, 0, 1533950160),
(19, 8, 3, '6666666666666', '20180811/f6acbcd867cf3af69a7c12613a79b413.jpg', 1, 0, 1533950160),
(20, 9, 3, '3333333333333', '20180812/2ebf8889bff311868864acc9697b3e63.jpg', 0, 1534032125, 1534031530),
(21, 9, 3, '2222222222222222222222', '20180812/ed1d2bf4e4e935a89b74ae55812e06e6.png', 1, 1534032125, 1534031530),
(22, 9, 3, '2222222222222222222222', '20180812/2b6bd44398abd9420fcf0d88e8e7939e.png', 2, 1534032125, 1534031530),
(23, 10, 3, '33333', '20180820/79fefd14a415a889252f3624a8ea9110.png', 0, 0, 1534730823),
(28, 15, 3, '嗡嗡嗡嗡嗡嗡嗡嗡嗡嗡嗡嗡', '', 0, 0, 1534769721),
(29, 16, 3, '4444', '20180820/a3cb93154ce0ba5cfabb9c88a0188bf3.png', 0, 1535933732, 1534770450),
(30, 17, 123, '65555', '20180822/a9b19361cc534e293ff03ac6c0db308c.png', 0, 0, 1534938050),
(31, 18, 123, '65555', '20180822/2e4d6228eff3b8c03a8ee8a788b1afdc.png', 0, 0, 1534938053),
(32, 1, 3, '55555', '20180826/50bb2aa3b6e0a5622b2f2f3622cdea6d.jpg', 0, 0, 1535281864),
(33, 2, 3, '55555', '20180826/4a426deb7ec6ba288bacd3c56e73bd0f.jpg', 0, 0, 1535281866),
(34, 3, 3, '下载', '20180829/91dd42c81d27acf2167bdec3cd29b970.jpg', 0, 0, 1535497730),
(35, 3, 3, '55555', '20180829/1f05cef08e354108004b5c9be3321cc7.jpg', 1, 0, 1535497730),
(36, 4, 123, '33', '20180831/253395f86fbd328e19ad4f2dca72e828.jpg', 0, 0, 1535667815),
(37, 5, 123, 'wewewqewqe', '', 0, 0, 1535692558),
(38, 6, 123, 'fsdfsdfds', '', 0, 0, 1535692637),
(39, 7, 123, '33', '20180831/ec6e820ca41422c17b36e4eae294bd91.jpg', 0, 0, 1535692733),
(40, 8, 123, 'wqwewqeqw', '', 0, 0, 1535694986),
(41, 9, 123, '2222', '20180831/46c583dea02ffd8dd7add99fdc8a2c8c.jpg', 0, 0, 1535695393),
(42, 10, 123, '22', '20180831/b8ec521fc9c281fd774d0d6e95608aaa.jpg', 0, 0, 1535695506),
(43, 11, 123, '555', '20180831/9820745b503734825055e90987e78970.jpg', 0, 0, 1535695709),
(44, 12, 123, '444444444444', '20180831/b645e6e71d4f0484198eccd3d8fe7cf9.jpg', 0, 0, 1535695977),
(45, 13, 3, '222', '20180901/bb91a086ef63039113d5a4aa1a936121.jpg', 0, 0, 1535787726),
(46, 14, 3, '666', '20180901/2d48b51f12b8808ac8cab1ebbd6667bc.jpg', 0, 0, 1535787853),
(47, 15, 123, '的撒大大说', '', 0, 0, 1535816079),
(48, 16, 123, '111', '20180903/9c2445dbd6454975d65b54d6df0569af.png', 0, 1535933732, 1535933587),
(49, 17, 123, '111111111111', '', 0, 0, 1535946920),
(50, 18, 123, '33333333333', '', 0, 0, 1535947555),
(51, 19, 123, '2222222222222', '20180906/028cac4fc462d600b22a60776b70bd60.jpg', 0, 0, 1536209066),
(52, 20, 165, '分红法规和法国很反感和', '20180919/0ec589718db0cdbe9f495bc950bf88d3.png', 0, 0, 1537360111),
(53, 20, 165, '电饭锅地方', '20180919/c847609ed63324c8b9d68bace808cf0b.png', 1, 0, 1537360111),
(54, 21, 123, '11111111111111', '', 0, 0, 1537433378),
(55, 22, 161, '11111111', '20180928/e08c69c274b3cd3a3f9e932847362cd2.png', 0, 0, 1538133121),
(56, 23, 123, 'FDSAFDSAFDS', '', 0, 0, 1538923591),
(57, 24, 123, '扫码投票', '20181026/eeb9622b066107a0b369579029e16cd0.jpg', 0, 0, 1540533703),
(58, 25, 123, '123123132', '20181112/0b8e6f692e32a5c6b7adb849a0f17faf.png', 0, 0, 1541967421),
(59, 26, 171, '交单审核通过立马结算', '20190218/893b1935889fa527946cb3e0ba16cdea.png', 0, 0, 1550422809),
(60, 27, 171, '交单审核通过立马结算', '20190218/9729c2ff2b22796e60775ce87cbf3235.png', 0, 0, 1550422811),
(61, 28, 171, '达大厦的撒打算的', '', 0, 0, 1550995787),
(62, 29, 171, '1111', '20190224/1c0f3d7cc06997dabf451a0a77e3d45f.jpg', 0, 0, 1551021121),
(63, 29, 171, '3333', '', 1, 0, 1551021121),
(64, 29, 171, '22211', '', 2, 0, 1551021121),
(65, 30, 171, '1111', '20190224/129e2dbbc1dfedec45943cd7a1f3536b.jpg', 0, 0, 1551021122),
(66, 30, 171, '3333', '', 1, 0, 1551021122),
(67, 30, 171, '22211', '', 2, 0, 1551021122),
(68, 31, 171, '1111', '20190224/f8bd9f03e075b5b47ed9178bb70a1c54.jpg', 0, 0, 1551021125),
(69, 31, 171, '3333', '', 1, 0, 1551021125),
(70, 31, 171, '22211', '', 2, 0, 1551021125),
(71, 32, 171, '1111', '20190224/25dbeb8e595527c4e546f8fb6d6b1797.jpg', 0, 0, 1551021126),
(72, 32, 171, '3333', '', 1, 0, 1551021126),
(73, 32, 171, '22211', '', 2, 0, 1551021126),
(74, 33, 171, '的的', '', 0, 0, 1551281314),
(75, 33, 171, '大萨达', '', 1, 0, 1551281314),
(76, 34, 171, '123', '20190303/48efe50e81787f356c5093511564fd8b.png', 0, 0, 1551621911),
(77, 35, 171, '帮助白血病', '', 0, 0, 1551623039),
(78, 35, 171, '不声不响吧', '', 1, 0, 1551623039),
(79, 36, 171, '第一步', '20190305/c645b806b110f95fe2453e7a19eca3d2.jpeg', 0, 0, 1551757220),
(80, 37, 171, '第一步', '20190305/19684a1e9e161b7b87e3c4ddad5e4273.jpeg', 0, 0, 1551757222),
(81, 38, 171, '多欠', '20190306/16d92b4df62fa486b16b5d0a6423bbb6.jpg', 0, 0, 1551873037),
(82, 39, 171, '1', '', 0, 0, 1551934572),
(83, 40, 171, '汪汪汪', '', 0, 0, 1552110875),
(84, 41, 171, '我我我我我我我我我我我我我我我我我我我', '', 0, 0, 1552115825),
(85, 42, 171, '推客APP注册试玩', '20190309/448a8c13e8aaaa12a6c35d96315bebbb.png', 0, 0, 1552135827),
(86, 42, 171, '点进去注册任务', '20190309/d423c95e55bb15824b0446e8b8032188.png', 1, 0, 1552135827),
(87, 43, 171, '1231312', '', 0, 0, 1552445320),
(88, 44, 171, '哈哈哈哈', '', 0, 0, 1552715919),
(89, 45, 174, '微信搜索公众号renmaid，关注截图', '', 0, 0, 1562222120),
(90, 46, 174, '识别二维码注册下载登录', '20190704/62d0a7b412e2bb1b457750df20bcce7f.jpg', 0, 0, 1562245562),
(91, 46, 174, '登录后，点击我的～实名认证，刷脸认证完成截图提交（暂时不收取一元认证费用，大家抓紧注册），信息可打码', '20190704/24a317fc00dbd62d7d7dc765314ad5ad.jpg', 1, 0, 1562245562),
(92, 46, 174, '点击下方“群聊”页面截图，【可产11钻，钻石12一个】点击群聊可学习技巧', '', 2, 0, 1562245562);

-- --------------------------------------------------------

--
-- 表的结构 `tb_uploads`
--

CREATE TABLE IF NOT EXISTS `tb_uploads` (
  `id` int(11) NOT NULL AUTO_INCREMENT,
  `admin_id` int(11) DEFAULT '0' COMMENT '管理员ID',
  `uid` int(11) DEFAULT '0' COMMENT '会员ID',
  `extension` varchar(20) DEFAULT NULL COMMENT '扩展名',
  `original_name` varchar(255) DEFAULT NULL COMMENT '原文件名',
  `save_name` varchar(255) DEFAULT NULL COMMENT '保存名称',
  `filename` varchar(255) DEFAULT NULL COMMENT '文件名',
  `md5` varchar(255) DEFAULT NULL COMMENT '文件md5',
  `sha1` varchar(255) DEFAULT NULL COMMENT '文件sha1值',
  `size` varchar(255) DEFAULT NULL COMMENT '文件大小',
  `create_time` int(11) DEFAULT '0',
  PRIMARY KEY (`id`)
) ENGINE=InnoDB  DEFAULT CHARSET=utf8mb4 ROW_FORMAT=DYNAMIC COMMENT='上传信息表' AUTO_INCREMENT=1891 ;

--
-- 转存表中的数据 `tb_uploads`
--

INSERT INTO `tb_uploads` (`id`, `admin_id`, `uid`, `extension`, `original_name`, `save_name`, `filename`, `md5`, `sha1`, `size`, `create_time`) VALUES
(6, 1, 0, 'png', NULL, '20180208/8f413d83bc5bd1255164130ec7883db0.png', '8f413d83bc5bd1255164130ec7883db0.png', '4e972d3601270da64d80cd5bf1e2acea', 'e7f47082f46181ecb8a855f6c96e49aed0fc5cbf', '45487', 1518083636),
(7, 1, 0, 'png', NULL, '20180208/05d66d7c24a7e34be79f82d97b44ddf0.png', '05d66d7c24a7e34be79f82d97b44ddf0.png', '4e972d3601270da64d80cd5bf1e2acea', 'e7f47082f46181ecb8a855f6c96e49aed0fc5cbf', '45487', 1518083643),
(8, 1, 0, 'png', NULL, '20180208/e126e32eb0201530d28a5aa7889ce02a.png', 'e126e32eb0201530d28a5aa7889ce02a.png', '4e972d3601270da64d80cd5bf1e2acea', 'e7f47082f46181ecb8a855f6c96e49aed0fc5cbf', '45487', 1518083663),
(9, 1, 0, 'png', NULL, '20180208/98bc152fd8d0ec3aebc22590548bfd3b.png', '98bc152fd8d0ec3aebc22590548bfd3b.png', '4e972d3601270da64d80cd5bf1e2acea', 'e7f47082f46181ecb8a855f6c96e49aed0fc5cbf', '45487', 1518083669),
(10, 1, 0, 'png', NULL, '20180208/729eefea0025084a862deb00ba51ccd9.png', '729eefea0025084a862deb00ba51ccd9.png', '4e972d3601270da64d80cd5bf1e2acea', 'e7f47082f46181ecb8a855f6c96e49aed0fc5cbf', '45487', 1518083731),
(11, 1, 0, 'png', NULL, '20180208/5ad612224d4a4a0ca3effc5915574b11.png', '5ad612224d4a4a0ca3effc5915574b11.png', '4e972d3601270da64d80cd5bf1e2acea', 'e7f47082f46181ecb8a855f6c96e49aed0fc5cbf', '45487', 1518083769),
(12, 1, 0, 'png', NULL, '20180208/48e733efa9a3b3c3d5bcfb0981e9838a.png', '48e733efa9a3b3c3d5bcfb0981e9838a.png', '4e972d3601270da64d80cd5bf1e2acea', 'e7f47082f46181ecb8a855f6c96e49aed0fc5cbf', '45487', 1518083779),
(13, 1, 0, 'png', NULL, '20180208/08dcae26d47f0d9fac5662fcd736483a.png', '08dcae26d47f0d9fac5662fcd736483a.png', '4e972d3601270da64d80cd5bf1e2acea', 'e7f47082f46181ecb8a855f6c96e49aed0fc5cbf', '45487', 1518083891),
(14, 1, 0, 'png', NULL, '20180208/64cdf4d5938c667cdb5f77b537050ce4.png', '64cdf4d5938c667cdb5f77b537050ce4.png', 'dabfc53b5c00e9f825d131ebc7c6ea01', '05dbb97418fb3933f584022c4611461bc35e9a79', '49384', 1518083899),
(15, 1, 0, 'png', NULL, '20180208/d034900fe0a115b50abe2c2bab0f2a0d.png', 'd034900fe0a115b50abe2c2bab0f2a0d.png', 'f1319c211397f53f7622ae34d458ea7d', 'e782e161ffc561b2886e2d3316a37fa9523094a6', '46478', 1518083905),
(16, 1, 0, 'png', NULL, '20180208/f52ecf12b5cf8df1efc081db58ddbbfc.png', 'f52ecf12b5cf8df1efc081db58ddbbfc.png', '0f3630257c4d48bc4adfe74ea1a32a17', '6b562f9aa0689bdb1b85de4b8a58ab8ea64c5c9b', '47199', 1518083910),
(17, 1, 0, 'png', NULL, '20180208/10b4b2aa254a6509d928c7f58d3024fd.png', '10b4b2aa254a6509d928c7f58d3024fd.png', 'bfe07a4369ac669d7bee258ad365f123', '74fb2f6f020c3f12a647c13d4bb8d4955173c910', '47988', 1518083918),
(18, 1, 0, 'png', NULL, '20180208/1de21bf1891a1a88d6dd384e0600e6be.png', '1de21bf1891a1a88d6dd384e0600e6be.png', '636c46e45bb90924d1a83eac5920cf27', '7e687850b660115e997ce2cb97cded98076bf183', '46624', 1518083928),
(19, 1, 0, 'png', NULL, '20180208/39a0763e918bc5f1eba0f951d58c304f.png', '39a0763e918bc5f1eba0f951d58c304f.png', '6614e1c7a009235ae79bc9046f2d0fa3', '681c9245b5009b56489021c12f77a35e43d448c5', '47260', 1518083934),
(20, 1, 0, 'png', NULL, '20180208/3d0cc59ac681f0112eb78822874e4df5.png', '3d0cc59ac681f0112eb78822874e4df5.png', '8ddf5dc5223f359e4ee639e85d3717c0', 'b6c9ca0b2d7e9c2bcceec49929d15d2cabd73ad5', '46929', 1518083940),
(21, 1, 0, 'png', NULL, '20180208/8b0471b07e937f9d67421b2fdeb2a233.png', '8b0471b07e937f9d67421b2fdeb2a233.png', '675af76be829da1166e7661c39303250', '820b6eac0d3877adec50a9eb5ecf7fbd088357db', '46534', 1518083947),
(22, 1, 0, 'png', NULL, '20180208/e9bfd59a475fe28d414cb9954dd0fdfa.png', 'e9bfd59a475fe28d414cb9954dd0fdfa.png', '1bfb915b7274d9a122076920affcb319', '1428d446056cb787df02fdef5f7ddfd55a9ceddb', '47224', 1518083952),
(23, 0, 1, 'png', NULL, '20180208/cf78b686d1deb5583ddb8bfd89d68e0f.png', 'cf78b686d1deb5583ddb8bfd89d68e0f.png', '4e972d3601270da64d80cd5bf1e2acea', 'e7f47082f46181ecb8a855f6c96e49aed0fc5cbf', '45487', 1518086150),
(24, 0, 1, 'png', NULL, '20180208/cc02ac79ad35ed2934180518125dc279.png', 'cc02ac79ad35ed2934180518125dc279.png', '0f3630257c4d48bc4adfe74ea1a32a17', '6b562f9aa0689bdb1b85de4b8a58ab8ea64c5c9b', '47199', 1518086199),
(25, 0, 1, 'png', NULL, '20180208/2c14b5671c70c9634f273e53f7e6e3e0.png', '2c14b5671c70c9634f273e53f7e6e3e0.png', '69adab864c47ab7418175d821600e449', '903c9e5c88c3319c728251b63e743bbb36552392', '5710', 1518086211),
(26, 1, 0, 'png', NULL, '20180627/520faf2a77e4350d0030a6e83e31573c.png', '520faf2a77e4350d0030a6e83e31573c.png', '640978ed009561d45a3f6daead6e19eb', 'e930edc89e03864eca4cce3678ff7cf494d3d7ab', '47590', 1530068992),
(27, 1, 0, 'png', NULL, '20180627/8fdb690ac78e64e12275dcd9914d0037.png', '8fdb690ac78e64e12275dcd9914d0037.png', '3eb6e030c48b2b9fa4cbae440da0142c', 'd7600b21449229f97c1664c256c9f0e53b1e3208', '449926', 1530070367),
(28, 1, 0, 'png', NULL, '20180627/184c45afa9fe11e42679ab25b9404111.png', '184c45afa9fe11e42679ab25b9404111.png', '3965ed0eedef52fc37137311e036a42b', '2f7b40b65d78d1908ea2a94667ee205614dd7c28', '25855', 1530070384),
(29, 1, 0, 'jpg', NULL, '20180627/c5e603eb40653aa80b86c046e7abe28b.jpg', 'c5e603eb40653aa80b86c046e7abe28b.jpg', '550ead0917d3ec40b6f68bf1f520e60d', '064295f998d19be7abef4f1fa388b702004d6434', '34132', 1530070462),
(30, 1, 0, 'jpg', NULL, '20180627/56a6090bd3f217ce83b6594726680519.jpg', '56a6090bd3f217ce83b6594726680519.jpg', '550ead0917d3ec40b6f68bf1f520e60d', '064295f998d19be7abef4f1fa388b702004d6434', '34132', 1530070499),
(46, 1, 0, 'png', NULL, '20180720/a7454c982bc20536c7cc4bca3cc9a2d8.png', 'a7454c982bc20536c7cc4bca3cc9a2d8.png', 'af0421a8d3623da43c686fab2d9bb044', '75b11f5f83822b72101d9760f390cfbb9923ad11', '59458', 1532082225),
(47, 1, 0, 'png', NULL, '20180720/6a927944214163102e92db762ec7ca71.png', '6a927944214163102e92db762ec7ca71.png', '5d02e99200da01b6bca2e43c7f1f0558', 'ad7e5f9dacf21166e0446fa4837c0c07c2541437', '7408', 1532084410),
(48, 0, 3, 'png', NULL, '20180725/2ce615a23fe7140fa3a1dfe2ed2c8aa0.png', '2ce615a23fe7140fa3a1dfe2ed2c8aa0.png', 'af0421a8d3623da43c686fab2d9bb044', '75b11f5f83822b72101d9760f390cfbb9923ad11', '59458', 1532484092),
(49, 0, 3, 'png', NULL, '20180730/fc3597f3a07a25892092ec85fba53b67.png', 'fc3597f3a07a25892092ec85fba53b67.png', '742f21878640544e6ad3814dec83f5a4', '40896dec65e66287dd8b8a1937a7cbe404b8295c', '307634', 1532921298),
(50, 0, 3, 'png', NULL, '20180730/2dadd0bfc4f61eae627d760d4d998f6d.png', '2dadd0bfc4f61eae627d760d4d998f6d.png', '3730d141ed74f7d0f3de65cbe15661d4', '8c1b34f948a73fb60939dc99e4c8ba16d0e89063', '287568', 1532921298),
(1730, 0, 3, 'jpg', NULL, '20180812/bf411304915822ee9cdb0b560f11ece3.jpg', 'bf411304915822ee9cdb0b560f11ece3.jpg', 'a2f97654bf998a2a1d88eebd325b573a', 'b165414e94533c96c061a373af1782ebf37fb5c1', '48515', 1534031530),
(1731, 0, 3, 'jpg', NULL, '20180812/2ebf8889bff311868864acc9697b3e63.jpg', '2ebf8889bff311868864acc9697b3e63.jpg', '402117fc27d26ac7fbaf2787bfee0657', 'a54802e0d8d3e78dcb159f6a522f1b0b1dc7fc5f', '80327', 1534031530),
(1732, 0, 3, 'png', NULL, '20180812/ed1d2bf4e4e935a89b74ae55812e06e6.png', 'ed1d2bf4e4e935a89b74ae55812e06e6.png', '7e5533192c12cf13b5d857903574f1ad', '82e46e1c9b0f62a9776beb2fe5e020cee5c270bb', '45434', 1534031530),
(1733, 0, 3, 'png', NULL, '20180812/2b6bd44398abd9420fcf0d88e8e7939e.png', '2b6bd44398abd9420fcf0d88e8e7939e.png', '06123c1279b2f282c6c3a7d80a4ddca8', '7f4a4c18fad1815e06e252d371c66f8474f888d2', '38850', 1534031530),
(1734, 0, 3, 'jpg', NULL, '20180812/ffedea127ef3772da06f9b51664527b4.jpg', 'ffedea127ef3772da06f9b51664527b4.jpg', '3d36a161305462e90164af43018c9416', '8bf743b43b1fd9cf473359de7a122b224414d95e', '78990', 1534032125),
(1736, 1, 0, 'jpg', NULL, '20180814/eae7a01a19b1a3feb790ae95823484d2.jpg', 'eae7a01a19b1a3feb790ae95823484d2.jpg', 'b77a872f1d7c53a78a9d95a8f0455c08', 'a756769d7d8165f8e725adbdf82a9388ff3bac0f', '6682', 1534204817),
(1737, 1, 0, 'png', NULL, '20180814/85e207722bf9bfb3aa3fabb5b7bd047c.png', '85e207722bf9bfb3aa3fabb5b7bd047c.png', '3e3b722b95608a19e03347d14745aadf', '76de5b788198a45b551563b9af2fe145cf035e3c', '8219', 1534204888),
(1738, 0, 3, 'jpg', NULL, '20180820/89e441cd70480ec06cabc656bb46fea6.jpg', '89e441cd70480ec06cabc656bb46fea6.jpg', '1bfb3deb5e7fcca918e03aa20455189a', 'cbdf536fc34b05701dfedccb1c5ed3fa64439204', '40538', 1534730823),
(1739, 0, 3, 'png', NULL, '20180820/79fefd14a415a889252f3624a8ea9110.png', '79fefd14a415a889252f3624a8ea9110.png', '4100e9cbe5add0d454b7514468f08ef0', 'faab6fe8f7324df942d5874427644aa622b1d3c0', '160103', 1534730823),
(1740, 0, 136, 'png', NULL, '20180820/20d074d24b2039afcd1343cec51e34d9.png', '20d074d24b2039afcd1343cec51e34d9.png', '001d3cd1086eb6d0bc69595de4536f8b', 'f17bbd054711d0cdfe1c94a4c9c8b9b5046b71ab', '5137', 1534736447),
(1741, 0, 123, 'png', NULL, '20180820/691577b94418b2fa0f545dd67f110631.png', '691577b94418b2fa0f545dd67f110631.png', '4100e9cbe5add0d454b7514468f08ef0', 'faab6fe8f7324df942d5874427644aa622b1d3c0', '160103', 1534764331),
(1742, 0, 123, 'png', NULL, '20180820/f92234ba25518bb058223bda8a9d2199.png', 'f92234ba25518bb058223bda8a9d2199.png', '4100e9cbe5add0d454b7514468f08ef0', 'faab6fe8f7324df942d5874427644aa622b1d3c0', '160103', 1534768432),
(1743, 0, 3, 'png', NULL, '20180820/dbc0bf57e0f1e1f839e1b7e5eb5d7a62.png', 'dbc0bf57e0f1e1f839e1b7e5eb5d7a62.png', 'ab447bf284f74ccfa0ed994ec0344b4f', 'bfb80a863934506387d3ef7509d2a2fd2a4274bc', '6174', 1534768671),
(1744, 0, 3, 'png', NULL, '20180820/c8fe0e663e7864ef98afec6e8b86ef1b.png', 'c8fe0e663e7864ef98afec6e8b86ef1b.png', '4100e9cbe5add0d454b7514468f08ef0', 'faab6fe8f7324df942d5874427644aa622b1d3c0', '160103', 1534768671),
(1745, 0, 3, 'png', NULL, '20180820/adf406f5c1e4215a8f36d68b90437f79.png', 'adf406f5c1e4215a8f36d68b90437f79.png', '2a970ed65e034e88d4e4dfa75d13f531', '43e610485ea982a712612e6a13824505806ad832', '182179', 1534769398),
(1746, 0, 3, 'png', NULL, '20180820/178adabd0fd1b8a52f08720fba799a19.png', '178adabd0fd1b8a52f08720fba799a19.png', '2a970ed65e034e88d4e4dfa75d13f531', '43e610485ea982a712612e6a13824505806ad832', '182179', 1534769512),
(1747, 0, 3, 'png', NULL, '20180820/9b227df6ddf0e750aeb3de7a3f49e449.png', '9b227df6ddf0e750aeb3de7a3f49e449.png', '2a970ed65e034e88d4e4dfa75d13f531', '43e610485ea982a712612e6a13824505806ad832', '182179', 1534769621),
(1748, 0, 3, 'png', NULL, '20180820/a42941aa3abf8d9d49fa14906aa9993c.png', 'a42941aa3abf8d9d49fa14906aa9993c.png', '2a970ed65e034e88d4e4dfa75d13f531', '43e610485ea982a712612e6a13824505806ad832', '182179', 1534769721),
(1749, 0, 3, 'png', NULL, '20180820/982c5d18479769d354680d15fac50a3e.png', '982c5d18479769d354680d15fac50a3e.png', '6af2b0ccd090e88971e7cb227bc9edd9', 'a689d5f28e87dcad392c69e3e9c69e54410be3fc', '4101', 1534770154),
(1750, 0, 3, 'png', NULL, '20180820/2df92ab90e97f5a980f5e2f1efd12ff6.png', '2df92ab90e97f5a980f5e2f1efd12ff6.png', '327ad7b534e41222129ff9d22b2ad913', 'cc6d8396c363a3b60f11628325e05bbdcb49e3b3', '22236', 1534770154),
(1751, 0, 3, 'png', NULL, '20180820/4103fda0b6a264cd4cda9cd9b7c5fe60.png', '4103fda0b6a264cd4cda9cd9b7c5fe60.png', '6af2b0ccd090e88971e7cb227bc9edd9', 'a689d5f28e87dcad392c69e3e9c69e54410be3fc', '4101', 1534770450),
(1752, 0, 3, 'png', NULL, '20180820/a3cb93154ce0ba5cfabb9c88a0188bf3.png', 'a3cb93154ce0ba5cfabb9c88a0188bf3.png', '327ad7b534e41222129ff9d22b2ad913', 'cc6d8396c363a3b60f11628325e05bbdcb49e3b3', '22236', 1534770450),
(1753, 0, 123, 'png', NULL, '20180820/708decb9e6bd8e6b516bb162a67d3d12.png', '708decb9e6bd8e6b516bb162a67d3d12.png', 'f6dd116127ab4cfdeb697574b3cf7b0a', '720d295fc3688d0f82fd465f45f309706707e775', '182695', 1534777241),
(1754, 0, 123, 'png', NULL, '20180822/e1fa9a9f3b35bb8c1d52f66f425a858c.png', 'e1fa9a9f3b35bb8c1d52f66f425a858c.png', '3e417185b623eeaedaf40b06f3b90e4f', '0f92e95a5727e92bdf08ee680fef9af4dca0943e', '356013', 1534938050),
(1755, 0, 123, 'png', NULL, '20180822/a9b19361cc534e293ff03ac6c0db308c.png', 'a9b19361cc534e293ff03ac6c0db308c.png', 'f52add6efc0e071ec946b987266ca05c', 'b0d57638ab8782f32a0557ad00b2ae48188282d4', '314077', 1534938050),
(1756, 0, 123, 'png', NULL, '20180822/7be4b79642f70e19f093c2d773e42a37.png', '7be4b79642f70e19f093c2d773e42a37.png', '3e417185b623eeaedaf40b06f3b90e4f', '0f92e95a5727e92bdf08ee680fef9af4dca0943e', '356013', 1534938053),
(1757, 0, 123, 'png', NULL, '20180822/2e4d6228eff3b8c03a8ee8a788b1afdc.png', '2e4d6228eff3b8c03a8ee8a788b1afdc.png', 'f52add6efc0e071ec946b987266ca05c', 'b0d57638ab8782f32a0557ad00b2ae48188282d4', '314077', 1534938053),
(1758, 0, 3, 'png', NULL, '20180826/c03f4e7e676c6fff6cf81c4a03b39e8e.png', 'c03f4e7e676c6fff6cf81c4a03b39e8e.png', 'd6021026bcdad96d2a9c52bf2046f70f', 'b56be67b190fe5377f2df46ccfc9b43e9599c74e', '364495', 1535259182),
(1759, 0, 3, 'png', NULL, '20180826/fd0a417b4fd8831b2b8824cb11c8e36b.png', 'fd0a417b4fd8831b2b8824cb11c8e36b.png', '561530d0bed539a3c00c48899121a487', '628651b4e4a4627c0f14040e09d422ca518ae114', '200042', 1535281864),
(1760, 0, 3, 'jpg', NULL, '20180826/50bb2aa3b6e0a5622b2f2f3622cdea6d.jpg', '50bb2aa3b6e0a5622b2f2f3622cdea6d.jpg', '957456946b0f6152e408dd09caa0d853', '3e37979d6c7749e2cc8395ab94172ef782e6b186', '158568', 1535281864),
(1761, 0, 3, 'png', NULL, '20180826/f5a828d3d2ff45b3a9e647775f5d40e6.png', 'f5a828d3d2ff45b3a9e647775f5d40e6.png', '561530d0bed539a3c00c48899121a487', '628651b4e4a4627c0f14040e09d422ca518ae114', '200042', 1535281866),
(1762, 0, 3, 'jpg', NULL, '20180826/4a426deb7ec6ba288bacd3c56e73bd0f.jpg', '4a426deb7ec6ba288bacd3c56e73bd0f.jpg', '957456946b0f6152e408dd09caa0d853', '3e37979d6c7749e2cc8395ab94172ef782e6b186', '158568', 1535281866),
(1763, 0, 3, 'jpg', NULL, '20180829/67f470d06d28df05875066627b79b640.jpg', '67f470d06d28df05875066627b79b640.jpg', 'f7992b1f300c61fdc8f41f67ef10a7e9', '4d0edfebbcc6df8b9a1a76bfa616be406b736495', '71967', 1535497730),
(1764, 0, 3, 'jpg', NULL, '20180829/91dd42c81d27acf2167bdec3cd29b970.jpg', '91dd42c81d27acf2167bdec3cd29b970.jpg', '4833c6447b703f7d3549f40e0371def3', '0f0ec620b619917fdd213026a5284e178ba4357d', '135077', 1535497730),
(1765, 0, 3, 'jpg', NULL, '20180829/1f05cef08e354108004b5c9be3321cc7.jpg', '1f05cef08e354108004b5c9be3321cc7.jpg', 'fe4866d373ea0baed92183dbc57710b3', 'd720ebf26d9350a8501bdde7f8d7042e404d89eb', '100473', 1535497730),
(1815, 0, 123, 'png', NULL, '20180920/7541aa0b98696a6f3f52fbf996b904eb.png', '7541aa0b98696a6f3f52fbf996b904eb.png', '418b97670f046d3543c4b173321caeb1', '905e3dd2296a6880f771e59de052234621a1fb94', '68915', 1537433378),
(1824, 0, 161, 'png', NULL, '20180928/48524e2d4f0d6f7ccadbe176c801e31c.png', '48524e2d4f0d6f7ccadbe176c801e31c.png', 'df8f8e26ee11903ef364046654ff1d5e', 'f288e9ca10f5986761dc412680c9442dddb520b9', '5606', 1538134084),
(1825, 0, 161, 'png', NULL, '20180928/f88987340bbfe8c8c3750357386a4c95.png', 'f88987340bbfe8c8c3750357386a4c95.png', 'ce6999c1224e3e903dc94517dab36af7', 'c3aa1b9c37a78699db59ffa2839181b2452aa326', '5078', 1538135909),
(1831, 0, 123, 'png', NULL, '20181031/cd49aaca22e70c3df858bab1ef726e70.png', 'cd49aaca22e70c3df858bab1ef726e70.png', '4fe1c9cd31a6f399103fd4348d9f5165', 'b2160cf80cdccee476edc0bb1df349ae0494e04c', '5062', 1540998816),
(1832, 0, 123, 'png', NULL, '20181112/49c2bff8ac95893bb0b95838237aec4c.png', '49c2bff8ac95893bb0b95838237aec4c.png', '3ea0a423da587d5907b4e2619dc361b0', 'ddbf865481466c9e9d0b2d3c45095daeaa2f7ffc', '47953', 1541967421),
(1833, 0, 123, 'png', NULL, '20181112/0b8e6f692e32a5c6b7adb849a0f17faf.png', '0b8e6f692e32a5c6b7adb849a0f17faf.png', '16f2168938f7703afa94870829f1c48e', 'baa5856ad9cec42e2f9859faff679dfd548c52ec', '37661', 1541967421),
(1837, 0, 123, 'png', NULL, '20181112/118aefa7c3a0f2a2ca70ca4e70f00a47.png', '118aefa7c3a0f2a2ca70ca4e70f00a47.png', '4fe1c9cd31a6f399103fd4348d9f5165', 'b2160cf80cdccee476edc0bb1df349ae0494e04c', '5062', 1541968098),
(1882, 1, 0, 'png', NULL, '20190703/8a0802b0edf540f84bfe5b238f99196d.png', '8a0802b0edf540f84bfe5b238f99196d.png', '42d7715d61c8ac551142e2ebf1965ca2', '66d18a993d01df633ec22598a1464b91dffa7adf', '2874', 1562160157),
(1883, 1, 0, 'jpg', NULL, '20190703/009c811106fc44ccabce56a516582b9d.jpg', '009c811106fc44ccabce56a516582b9d.jpg', '8d023125ad82af52c605b72ead12dd0f', 'd5caf8bec7072ba3aa0e9de46c2612eca80238f2', '20228', 1562161787),
(1884, 0, 174, 'jpg', NULL, '20190704/6e18ac731130233af06d33f48a945405.jpg', '6e18ac731130233af06d33f48a945405.jpg', 'b70370e194bb3687cdf394a498159f07', '7a2ea659efdfbf019b40c6a59eedd8d949813860', '133887', 1562222120),
(1885, 0, 175, 'jpg', NULL, '20190704/5c797b8fa3f08c1a3902587acd35621a.jpg', '5c797b8fa3f08c1a3902587acd35621a.jpg', 'b89884bfb2322277e4f29ceb16797801', '11a6aee029412c2e0c695063d313cd0cf780846f', '316077', 1562224520),
(1886, 0, 174, 'jpg', NULL, '20190704/a40f63dd0b3aed478485bf0645fb0690.jpg', 'a40f63dd0b3aed478485bf0645fb0690.jpg', '2077274d6e9d982a86b0cf691ee7abf1', 'fc0703e2c61f457fa23720d81376b347c047b301', '49812', 1562245562),
(1887, 0, 174, 'jpg', NULL, '20190704/62d0a7b412e2bb1b457750df20bcce7f.jpg', '62d0a7b412e2bb1b457750df20bcce7f.jpg', '2d6049b427ebb00563a1fc7c709748de', '9b0d7178ffaf386fa6521979b479eea165528f96', '38732', 1562245562),
(1888, 0, 174, 'jpg', NULL, '20190704/24a317fc00dbd62d7d7dc765314ad5ad.jpg', '24a317fc00dbd62d7d7dc765314ad5ad.jpg', '861527dc244fa1cce8c8a01ba4ff44f4', '4787fc605262f51460cc8a46d9a391181d5ea600', '33944', 1562245562),
(1889, 0, 175, 'jpg', NULL, '20190704/69405fa020e958d8c740f59c6d4aff1e.jpg', '69405fa020e958d8c740f59c6d4aff1e.jpg', 'e6c3edc9703a16739977e4c349eef846', '85ea89e233bf7ff7774b0088b39466d55cc379c9', '39375', 1562253071),
(1890, 1, 0, 'png', NULL, '20200210/46c026d461529c687af5d92fe02f145d.png', '46c026d461529c687af5d92fe02f145d.png', '0577a21f7b6054c0fccdd29341a58d7a', '97c5aadf2f26d38cce89d0eab3504e0f957baed6', '27076', 1581344302);

-- --------------------------------------------------------

--
-- 表的结构 `tb_withdraw`
--

CREATE TABLE IF NOT EXISTS `tb_withdraw` (
  `id` int(11) NOT NULL AUTO_INCREMENT,
  `uid` int(11) DEFAULT '0',
  `username` varchar(20) NOT NULL DEFAULT '' COMMENT '用户名',
  `credit2` decimal(10,2) DEFAULT '0.00' COMMENT '提现金额',
  `fee` decimal(10,2) DEFAULT '0.00' COMMENT '手续费',
  `pay_method` tinyint(3) DEFAULT '0' COMMENT '0银行卡，1支付宝，2微信',
  `account` varchar(50) DEFAULT NULL COMMENT '账号',
  `realname` varchar(20) DEFAULT NULL COMMENT '真实姓名',
  `mobile` varchar(20) DEFAULT NULL COMMENT '手机号',
  `status` tinyint(3) DEFAULT '0' COMMENT '0待审核，1已发放，-1审核未通过',
  `note` varchar(255) DEFAULT NULL COMMENT '备注信息',
  `update_time` int(11) DEFAULT '0',
  `create_time` int(11) DEFAULT '0',
  PRIMARY KEY (`id`)
) ENGINE=InnoDB  DEFAULT CHARSET=utf8mb4 ROW_FORMAT=DYNAMIC AUTO_INCREMENT=67 ;

--
-- 转存表中的数据 `tb_withdraw`
--

INSERT INTO `tb_withdraw` (`id`, `uid`, `username`, `credit2`, `fee`, `pay_method`, `account`, `realname`, `mobile`, `status`, `note`, `update_time`, `create_time`) VALUES
(39, 77, 'ceshi666', '90.00', '9.00', 1, '1', '1', '18666666666', 1, '', 1526263093, 1526263076),
(40, 3, '1460293896', '550.00', '55.00', 1, '1000@qq', 'liganxi', '18789097320', 1, '', 1536930306, 1535072005),
(41, 3, '1460293896', '9000.00', '900.00', 1, '1000@qq', 'liganxi', '18789097320', 1, '', 1540998374, 1535337460),
(42, 3, '1460293896', '9999999.00', '999999.90', 1, '1000@qq', 'liganxi', '18789097320', 1, '', 1540635718, 1535510932),
(43, 3, '1460293896', '9999999.00', '999999.90', 1, '1000@qq', 'liganxi', '18789097320', 1, '', 1540635706, 1535510933),
(44, 123, '123456', '6666.00', '666.60', 1, '18789097320', '11', '18789097320', 1, '', 1536208838, 1535894386),
(45, 123, '123456', '90.00', '9.00', 1, '1031937340@qq.com', '孟超', '17723402616', 1, '', 1536146230, 1536146216),
(46, 165, '13928484804', '100.00', '10.00', 1, '13928484804', '水电费', '13928484804', 1, '', 1537769973, 1537359466),
(47, 171, '18866699911', '5.00', '0.50', 1, '12345678', '123', '18866699911', 0, NULL, 0, 1551358398),
(48, 171, '18866699911', '10.00', '1.00', 1, '12345678', '123', '18866699911', 0, NULL, 0, 1551429361),
(49, 171, '18866699911', '10.00', '1.00', 2, '12345678', '123', '18866699911', 0, NULL, 0, 1551429365),
(50, 171, '18866699911', '10.00', '1.00', 2, '12345678', '123', '18866699911', 0, NULL, 0, 1551429371),
(51, 171, '18866699911', '10.00', '1.00', 2, '12345678', '123', '18866699911', 0, NULL, 0, 1551429371),
(52, 157, '15916324177', '5.00', '0.50', 1, '15916324177', '李干', '15916324177', 1, '', 1551451758, 1551451744),
(53, 171, '18866699911', '18.00', '1.80', 1, '12345678', '123', '18866699911', 0, NULL, 0, 1551602227),
(54, 171, '18866699911', '18.00', '1.80', 1, '12345678', '123', '18866699911', 0, NULL, 0, 1551602227),
(55, 171, '18866699911', '500.00', '50.00', 1, '12345678', '123', '18866699911', 0, NULL, 0, 1551617011),
(56, 171, '18866699911', '5.00', '0.50', 1, '12345678', '123', '18866699911', 0, NULL, 0, 1551767661),
(57, 171, '18866699911', '5.00', '0.50', 2, '12345678', '123', '18866699911', 0, NULL, 0, 1551767666),
(58, 171, '18866699911', '5.00', '0.50', 1, '12345678', '123', '18866699911', 0, NULL, 0, 1551791156),
(59, 171, '18866699911', '10.00', '1.00', 2, '12345678', '123', '18866699911', 0, NULL, 0, 1552224022),
(60, 171, '18866699911', '10.00', '1.00', 1, '12345678', '123', '18866699911', 0, NULL, 0, 1552224030),
(61, 171, '18866699911', '10.00', '1.00', 0, '12345678', '123', '18866699911', 0, NULL, 0, 1552224042),
(62, 171, '18866699911', '92.00', '9.20', 1, '12345678', '123', '18866699911', 0, NULL, 0, 1552569022),
(63, 171, '18866699911', '90.00', '9.00', 1, '12345678', '123', '18866699911', 0, NULL, 0, 1552569142),
(64, 171, '18866699911', '80.00', '11.20', 1, '12345678', '123', '18866699911', 0, NULL, 0, 1552569441),
(65, 174, '13015867502', '5.00', '0.50', 1, '931725568@qq.com', '黄元', '13015867502', 1, '', 1562300498, 1562300322),
(66, 174, '13015867502', '50.00', '5.00', 1, '46466556', '1646', '16646446562', 1, '', 1562300624, 1562300564);

/*!40101 SET CHARACTER_SET_CLIENT=@OLD_CHARACTER_SET_CLIENT */;
/*!40101 SET CHARACTER_SET_RESULTS=@OLD_CHARACTER_SET_RESULTS */;
/*!40101 SET COLLATION_CONNECTION=@OLD_COLLATION_CONNECTION */;
